"Depth: TMD [m]","Depth: TVD [m]","RPM  [rpm]","WOB  [t]","Flow IN  [l/min]","ROP  [m/h]","Formation","Hardness index 100","Mohes Index"
"12","12","68","1","789","0.4","TURONIEN","45","3 - 4"
"13","13","68","1","846","2.5","TURONIEN","45","3 - 4"
"14","14","69","1","969","0.5","TURONIEN","45","3 - 4"
"15","15","72","1","685","1.4","TURONIEN","45","3 - 4"
"16","16","68","1","486","7.8","TURONIEN","45","3 - 4"
"17","17","80","1","499","1.6","TURONIEN","45","3 - 4"
"18","18","80","2","504","3.8","TURONIEN","45","3 - 4"
"19","19","79","2","502","8.3","TURONIEN","45","3 - 4"
"20","20","81","2","502","6.9","TURONIEN","45","3 - 4"
"21","21","81","2","502","7.1","TURONIEN","45","3 - 4"
"22","22","79","3","497","6.6","TURONIEN","45","3 - 4"
"23","23","78","3","487","6.6","TURONIEN","45","3 - 4"
"24","24","76","2","505","20.5","TURONIEN","45","3 - 4"
"25","25","81","1","517","11.5","TURONIEN","45","3 - 4"
"26","26","80","1","513","1.9","TURONIEN","45","3 - 4"
"27","27","87","4","547","0.4","TURONIEN","45","3 - 4"
"28","28","89","4","976","0.6","TURONIEN","45","3 - 4"
"29","29","94","4","1009","0.9","TURONIEN","45","3 - 4"
"30","30","92","3","1196","2.6","TURONIEN","45","3 - 4"
"31","31","106","1","1230","6.8","TURONIEN","45","3 - 4"
"32","32","106","1","1236","11.5","TURONIEN","45","3 - 4"
"33","33","101","1","1231","7.1","TURONIEN","45","3 - 4"
"34","34","81","3","1193","9","TURONIEN","45","3 - 4"
"35","35","83","0","1293","6.6","TURONIEN","45","3 - 4"
"36","36","87","1","1386","10.9","TURONIEN","45","3 - 4"
"37","37","87","2","1383","11.6","TURONIEN","45","3 - 4"
"38","38","88","2","1381","7.3","TURONIEN","45","3 - 4"
"39","39","87","3","1379","9.9","TURONIEN","45","3 - 4"
"40","40","86","3","1382","9","TURONIEN","45","3 - 4"
"41","41","83","4","1385","10.2","TURONIEN","45","3 - 4"
"42","42","84","4","1386","8.8","TURONIEN","45","3 - 4"
"43","43","85","3","1390","10.6","TURONIEN","45","3 - 4"
"44","44","86","3","1390","14.1","TURONIEN","45","3 - 4"
"45","45","77","3","1391","10.1","TURONIEN","45","3 - 4"
"46","46","75","2","1394","8.4","TURONIEN","45","3 - 4"
"47","47","78","2","1396","11.8","TURONIEN","45","3 - 4"
"48","48","79","1","1397","27.1","TURONIEN","45","3 - 4"
"49","49","80","1","1397","15.8","TURONIEN","45","3 - 4"
"50","50","79","1","1396","27.7","TURONIEN","45","3 - 4"
"51","51","80","1","1395","32.5","TURONIEN","45","3 - 4"
"52","52","74","3","1395","15.9","TURONIEN","45","3 - 4"
"53","53","78","2","1396","30.6","TURONIEN","45","3 - 4"
"54","54","79","1","1398","24.6","TURONIEN","45","3 - 4"
"55","55","80","1","1401","12.1","TURONIEN","45","3 - 4"
"56","56","73","2","1501","12.9","TURONIEN","45","3 - 4"
"57","57","77","3","1595","13.4","TURONIEN","45","3 - 4"
"58","58","80","2","1596","9","TURONIEN","45","3 - 4"
"59","59","77","3","1597","14.7","TURONIEN","45","3 - 4"
"60","60","80","2","1598","7.6","TURONIEN","45","3 - 4"
"61","61","80","2","1596","11.6","TURONIEN","45","3 - 4"
"62","62","80","2","1597","10.1","TURONIEN","45","3 - 4"
"63","63","79","3","1598","13.3","TURONIEN","45","3 - 4"
"64","64","81","2","1599","8.2","TURONIEN","45","3 - 4"
"65","65","78","2","1634","10.7","TURONIEN","45","3 - 4"
"66","66","81","4","1792","22.6","TURONIEN","45","3 - 4"
"67","67","86","2","1796","9.6","TURONIEN","45","3 - 4"
"68","68","85","3","1804","10.6","TURONIEN","45","3 - 4"
"69","69","86","2","1804","7.7","TURONIEN","45","3 - 4"
"70","70","87","3","1806","7.1","TURONIEN","45","3 - 4"
"71","71","85","3","1806","7","TURONIEN","45","3 - 4"
"72","72","83","4","1805","10.3","TURONIEN","45","3 - 4"
"73","73","81","2","1801","5.3","TURONIEN","45","3 - 4"
"74","74","85","1","1800","6.5","TURONIEN","45","3 - 4"
"75","75","97","3","1815","7.1","TURONIEN","45","3 - 4"
"76","76","97","3","1814","9.3","TURONIEN","45","3 - 4"
"77","77","99","3","1815","9","TURONIEN","45","3 - 4"
"78","78","98","3","1812","7.4","TURONIEN","45","3 - 4"
"79","79","97","3","1812","14.7","TURONIEN","45","3 - 4"
"80","80","97","3","1815","23","Argiles & Gypese","20","1,5 - 2"
"81","81","92","2","1872","6.3","Argiles & Gypese","20","1,5 - 2"
"82","82","89","2","1996","11.7","Argiles & Gypese","20","1,5 - 2"
"83","83","87","2","1838","4.5","Argiles & Gypese","20","1,5 - 2"
"84","84","89","1","2227","6.3","Argiles & Gypese","20","1,5 - 2"
"85","85","86","1","2395","3.8","Argiles & Gypese","20","1,5 - 2"
"86","86","84","2","2395","5.5","Argiles & Gypese","20","1,5 - 2"
"87","87","86","2","2395","5.4","Argiles & Gypese","20","1,5 - 2"
"88","88","87","3","2397","4.1","Argiles & Gypese","20","1,5 - 2"
"89","89","89","1","2395","6.1","Argiles & Gypese","20","1,5 - 2"
"90","90","87","1","2394","6.2","Argiles & Gypese","20","1,5 - 2"
"91","91","89","1","2392","2.3","Argiles & Gypese","20","1,5 - 2"
"92","92","83","1","2393","5.6","Argiles & Gypese","20","1,5 - 2"
"93","93","85","2","2393","6.6","Argiles & Gypese","20","1,5 - 2"
"94","94","84","2","2393","7","Argiles & Gypese","20","1,5 - 2"
"95","95","90","3","2393","6.3","Argiles & Gypese","20","1,5 - 2"
"96","96","90","3","2392","8.2","Argiles & Gypese","20","1,5 - 2"
"97","97","92","2","2395","6.9","Argiles & Gypese","20","1,5 - 2"
"98","98","93","2","2389","7.9","Argiles & Gypese","20","1,5 - 2"
"99","99","93","2","2386","9.8","Argiles & Gypese","20","1,5 - 2"
"100","100","94","1","2388","7.8","Argiles & Gypese","20","1,5 - 2"
"101","101","93","1","2379","4.3","Argiles & Gypese","20","1,5 - 2"
"102","102","80","2","2356","3.5","Argiles & Gypese","20","1,5 - 2"
"103","103","75","3","2364","17.5","Argiles & Gypese","20","1,5 - 2"
"104","104","80","2","2363","8.4","Argiles & Gypese","20","1,5 - 2"
"105","105","77","4","2362","8.8","Argiles & Gypese","20","1,5 - 2"
"106","106","76","6","2362","3.5","Argiles & Gypese","20","1,5 - 2"
"107","107","80","6","2360","3.9","Argiles & Gypese","20","1,5 - 2"
"108","108","81","4","2355","8.7","Argiles & Gypese","20","1,5 - 2"
"109","109","82","4","2355","8.5","Argiles & Gypese","20","1,5 - 2"
"110","110","84","3","2351","9.4","Argiles & Gypese","20","1,5 - 2"
"111","111","81","4","2407","7.8","Argiles & Gypese","20","1,5 - 2"
"112","112","87","4","2413","9","Argiles & Gypese","20","1,5 - 2"
"113","113","82","4","2412","7.2","Argiles & Gypese","20","1,5 - 2"
"114","114","83","6","2409","6.8","Argiles & Gypese","20","1,5 - 2"
"115","115","84","5","2412","10.5","Argiles & Gypese","20","1,5 - 2"
"116","116","89","3","2406","7.9","Argiles & Gypese","20","1,5 - 2"
"117","117","89","4","2402","7","Argiles & Gypese","20","1,5 - 2"
"118","118","86","5","2401","8.5","Argiles & Gypese","20","1,5 - 2"
"119","119","88","4","2400","8.5","Argiles & Gypese","20","1,5 - 2"
"120","120","89","1","2381","6.7","Argiles & Gypese","20","1,5 - 2"
"121","121","94","0","2380","12.7","Argiles & Gypese","20","1,5 - 2"
"122","122","86","3","2377","9.5","Argiles & Gypese","20","1,5 - 2"
"123","123","81","5","2377","8.5","Argiles & Gypese","20","1,5 - 2"
"124","124","82","6","2377","9.7","Argiles & Gypese","20","1,5 - 2"
"125","125","83","4","2376","12.2","Argiles & Gypese","20","1,5 - 2"
"126","126","82","5","2376","10","Argiles & Gypese","20","1,5 - 2"
"127","127","83","4","2374","9.1","Argiles & Gypese","20","1,5 - 2"
"128","128","80","7","2384","8.4","Argiles & Gypese","20","1,5 - 2"
"129","129","81","5","2384","10.1","Argiles & Gypese","20","1,5 - 2"
"130","130","80","5","2385","5.9","Argiles & Gypese","20","1,5 - 2"
"131","131","81","5","2384","10.6","Argiles & Gypese","20","1,5 - 2"
"132","132","83","4","2383","10","Argiles & Gypese","20","1,5 - 2"
"133","133","87","4","2383","10","Argiles & Gypese","20","1,5 - 2"
"134","134","86","4","2383","9.3","Argiles & Gypese","20","1,5 - 2"
"135","135","80","6","2384","8.5","Argiles & Gypese","20","1,5 - 2"
"136","136","79","6","2382","9","Argiles & Gypese","20","1,5 - 2"
"137","137","83","5","2382","6.2","Argiles & Gypese","20","1,5 - 2"
"138","138","79","6","2382","8.1","Argiles & Gypese","20","1,5 - 2"
"139","139","81","4","2379","7.1","Argiles & Gypese","20","1,5 - 2"
"140","140","81","5","2361","8.2","Argiles & Gypese","20","1,5 - 2"
"141","141","81","7","2362","3.7","Argiles & Gypese","20","1,5 - 2"
"142","142","82","4","2363","8.9","Argiles & Gypese","20","1,5 - 2"
"143","143","84","3","2360","8.8","Argiles & Gypese","20","1,5 - 2"
"144","144","84","2","2362","6.7","Argiles & Gypese","20","1,5 - 2"
"145","145","86","2","2361","7.3","Argiles & Gypese","20","1,5 - 2"
"146","146","88","2","2357","5.2","Argiles & Gypese","20","1,5 - 2"
"147","147","87","3","2366","6","Argiles & Gypese","20","1,5 - 2"
"148","148","98","3","2379","6.4","Argiles & Gypese","20","1,5 - 2"
"149","149","98","3","2377","6.8","Argiles & Gypese","20","1,5 - 2"
"150","150","100","3","2377","5.2","Argiles & Gypese","20","1,5 - 2"
"151","151","101","3","2377","4.1","Argiles & Gypese","20","1,5 - 2"
"152","152","99","3","2375","3.2","Argiles & Gypese","20","1,5 - 2"
"153","153","99","3","2371","5.4","Argiles & Gypese","20","1,5 - 2"
"154","154","97","4","2372","4.9","Argiles & Gypese","20","1,5 - 2"
"155","155","98","4","2370","7.1","Argiles & Gypese","20","1,5 - 2"
"156","156","95","6","2369","2.5","Argiles & Gypese","20","1,5 - 2"
"157","157","92","6","2372","3.9","Argiles & Gypese","20","1,5 - 2"
"158","158","99","2","2401","14","Argiles & Gypese","20","1,5 - 2"
"159","159","92","4","2403","7.3","Argiles & Gypese","20","1,5 - 2"
"160","160","86","7","2399","6.3","Argiles & Gypese","20","1,5 - 2"
"161","161","87","5","2399","11.7","Argiles & Gypese","20","1,5 - 2"
"162","162","89","5","2398","10.7","Argiles & Gypese","20","1,5 - 2"
"163","163","90","4","2397","8.6","Argiles & Gypese","20","1,5 - 2"
"164","164","85","5","2398","14.2","Argiles & Gypese","20","1,5 - 2"
"165","165","94","3","2398","11.7","Argiles & Gypese","20","1,5 - 2"
"166","166","105","3","2428","6.6","Argiles & Gypese","20","1,5 - 2"
"167","167","106","3","2437","12.6","Argiles & Gypese","20","1,5 - 2"
"168","168","102","5","2442","7.9","Argiles & Gypese","20","1,5 - 2"
"169","169","97","3","2438","4.6","Argiles & Gypese","20","1,5 - 2"
"170","170","99","2","2439","4.7","Argiles & Gypese","20","1,5 - 2"
"171","171","99","2","2440","5.3","Argiles & Gypese","20","1,5 - 2"
"172","172","97","2","2439","6.5","Argiles & Gypese","20","1,5 - 2"
"173","173","99","2","2440","9.4","Argiles & Gypese","20","1,5 - 2"
"174","174","100","2","2440","7.8","Argiles & Gypese","20","1,5 - 2"
"175","175","94","3","2440","2.8","Argiles & Gypese","20","1,5 - 2"
"176","176","88","3","2442","5.7","Argiles & Gypese","20","1,5 - 2"
"177","177","86","6","2442","11.9","Argiles & Gypese","20","1,5 - 2"
"178","178","89","4","2442","18.5","Argiles & Gypese","20","1,5 - 2"
"179","179","92","5","2441","12","Argiles & Gypese","20","1,5 - 2"
"180","180","97","5","2444","7.4","Argiles & Gypese","20","1,5 - 2"
"181","181","100","4","2441","8.4","Argiles & Gypese","20","1,5 - 2"
"182","182","99","4","2436","12.5","Argiles & Gypese","20","1,5 - 2"
"183","183","99","5","2434","11.1","Argiles & Gypese","20","1,5 - 2"
"184","184","96","5","2420","9.4","Argiles & Gypese","20","1,5 - 2"
"185","185","96","3","2398","8.2","Argiles & Gypese","20","1,5 - 2"
"186","186","96","3","2387","6.9","Argiles & Gypese","20","1,5 - 2"
"187","187","89","6","2382","12.7","Argiles & Gypese","20","1,5 - 2"
"188","188","99","2","2384","3.3","Argiles & Gypese","20","1,5 - 2"
"189","189","96","3","2383","6.4","Argiles & Gypese","20","1,5 - 2"
"190","190","97","3","2378","5.9","Argiles & Gypese","20","1,5 - 2"
"191","191","96","4","2398","5.1","Argiles & Gypese","20","1,5 - 2"
"192","192","95","4","2402","5.2","Argiles & Gypese","20","1,5 - 2"
"193","193","94","3","2400","7.7","Argiles & Gypese","20","1,5 - 2"
"194","194","90","4","2401","7.3","Argiles & Gypese","20","1,5 - 2"
"195","195","92","6","2411","8.7","Argiles & Gypese","20","1,5 - 2"
"196","196","97","4","2421","13.8","Argiles & Gypese","20","1,5 - 2"
"197","197","93","8","2407","14","Argiles & Gypese","20","1,5 - 2"
"198","198","100","5","2405","8.5","Argiles & Gypese","20","1,5 - 2"
"199","199","94","7","2409","10.2","Argiles & Gypese","20","1,5 - 2"
"200","200","94","6","2409","9.2","Argiles & Gypese","20","1,5 - 2"
"201","201","94","6","2408","8","Argiles & Gypese","20","1,5 - 2"
"202","202","96","6","2408","10.2","Argiles & Gypese","20","1,5 - 2"
"203","203","85","4","2391","3.2","Argiles & Gypese","20","1,5 - 2"
"204","204","83","5","2371","8.4","Argiles & Gypese","20","1,5 - 2"
"205","205","83","6","2372","9.6","Argiles & Gypese","20","1,5 - 2"
"206","206","89","4","2361","4.6","Argiles & Gypese","20","1,5 - 2"
"207","207","84","5","2360","4.8","Argiles & Gypese","20","1,5 - 2"
"208","208","84","6","2361","6.5","Argiles & Gypese","20","1,5 - 2"
"209","209","77","8","2359","7.1","Argiles & Gypese","20","1,5 - 2"
"210","210","79","7","2361","5.6","Argiles & Gypese","20","1,5 - 2"
"211","211","80","7","2359","7.3","Argiles & Gypese","20","1,5 - 2"
"212","212","74","6","2352","5.4","Argiles & Gypese","20","1,5 - 2"
"213","213","69","6","2346","8.9","Argiles & Gypese","20","1,5 - 2"
"214","214","68","7","2345","12.2","Argiles & Gypese","20","1,5 - 2"
"215","215","74","4","2343","5.9","Argiles & Gypese","20","1,5 - 2"
"216","216","68","7","2345","7.2","Argiles & Gypese","20","1,5 - 2"
"217","217","69","6","2343","5.5","Argiles & Gypese","20","1,5 - 2"
"218","218","71","5","2343","4.9","Argiles & Gypese","20","1,5 - 2"
"219","219","78","5","2343","4.7","Argiles & Gypese","20","1,5 - 2"
"220","220","77","5","2345","7.7","Argiles & Gypese","20","1,5 - 2"
"221","221","80","5","2340","5.4","Argiles & Gypese","20","1,5 - 2"
"222","222","78","3","2380","6.1","Argiles & Gypese","20","1,5 - 2"
"223","223","77","5","2391","10.3","Argiles & Gypese","20","1,5 - 2"
"224","224","78","4","2385","12.8","Argiles & Gypese","20","1,5 - 2"
"225","225","82","3","2387","9.3","Argiles & Gypese","20","1,5 - 2"
"226","226","80","3","2387","11.4","Argiles & Gypese","20","1,5 - 2"
"227","227","80","3","2386","9.9","Argiles & Gypese","20","1,5 - 2"
"228","228","81","3","2383","6.3","Argiles & Gypese","20","1,5 - 2"
"229","229","83","2","2384","6.7","Argiles & Gypese","20","1,5 - 2"
"230","230","82","2","2383","6.4","Argiles & Gypese","20","1,5 - 2"
"231","231","78","4","2384","6.3","Argiles & Gypese","20","1,5 - 2"
"232","232","93","2","2399","4.9","Argiles & Gypese","20","1,5 - 2"
"233","233","89","4","2437","9.7","Argiles & Gypese","20","1,5 - 2"
"234","234","85","6","2437","12.7","Argiles & Gypese","20","1,5 - 2"
"235","235","90","3","2438","8.4","Argiles & Gypese","20","1,5 - 2"
"236","236","93","2","2440","7.1","Argiles & Gypese","20","1,5 - 2"
"237","237","92","3","2438","7.8","Argiles & Gypese","20","1,5 - 2"
"238","238","95","1","2436","6.1","Argiles & Gypese","20","1,5 - 2"
"239","239","88","2","2429","5.2","Argiles & Gypese","20","1,5 - 2"
"240","240","85","5","2431","3.1","Argiles & Gypese","20","1,5 - 2"
"241","241","88","3","2422","2.5","Argiles & Gypese","20","1,5 - 2"
"242","242","94","3","2410","5.9","Argiles & Gypese","20","1,5 - 2"
"243","243","92","4","2399","5.9","Argiles & Gypese","20","1,5 - 2"
"244","244","91","5","2396","5.1","Argiles & Gypese","20","1,5 - 2"
"245","245","90","5","2396","5.8","Argiles & Gypese","20","1,5 - 2"
"246","246","91","4","2398","6.8","Argiles & Gypese","20","1,5 - 2"
"247","247","88","6","2395","7.4","Argiles & Gypese","20","1,5 - 2"
"248","248","91","5","2387","7","Argiles & Gypese","20","1,5 - 2"
"249","249","88","6","2393","5.7","Argiles & Gypese","20","1,5 - 2"
"250","250","83","6","2394","6.6","Argiles & Gypese","20","1,5 - 2"
"251","251","92","7","2410","8.8","Argiles & Gypese","20","1,5 - 2"
"252","252","92","6","2415","16.4","Argiles & Gypese","20","1,5 - 2"
"253","253","104","3","2415","5.7","Argiles & Gypese","20","1,5 - 2"
"254","254","100","5","2417","6.5","Argiles & Gypese","20","1,5 - 2"
"255","255","102","4","2418","4.6","Argiles & Gypese","20","1,5 - 2"
"256","256","104","3","2419","3.8","Argiles & Gypese","20","1,5 - 2"
"257","257","103","4","2419","5.1","Argiles & Gypese","20","1,5 - 2"
"258","258","102","4","2422","5.2","Argiles & Gypese","20","1,5 - 2"
"259","259","98","4","2420","6","Argiles & Gypese","20","1,5 - 2"
"260","260","90","5","2384","6.1","Argiles & Gypese","20","1,5 - 2"
"261","261","95","5","2375","4.8","Serie-dIn-Akami","35","2 - 3"
"262","262","94","5","2376","3.1","Serie-dIn-Akami","35","2 - 3"
"263","263","94","5","2378","3","Serie-dIn-Akami","35","2 - 3"
"264","264","92","6","2374","3.8","Serie-dIn-Akami","35","2 - 3"
"265","265","90","6","2373","6.6","Serie-dIn-Akami","35","2 - 3"
"266","266","88","7","2371","6.7","Serie-dIn-Akami","35","2 - 3"
"267","267","92","5","2371","5.1","Serie-dIn-Akami","35","2 - 3"
"268","268","89","7","2371","4.1","Serie-dIn-Akami","35","2 - 3"
"269","269","91","2","2388","13.4","Serie-dIn-Akami","35","2 - 3"
"270","270","85","7","2398","6","Serie-dIn-Akami","35","2 - 3"
"271","271","87","8","2398","10.7","Serie-dIn-Akami","35","2 - 3"
"272","272","94","5","2424","8.6","Serie-dIn-Akami","35","2 - 3"
"273","273","91","6","2505","11.5","Serie-dIn-Akami","35","2 - 3"
"274","274","96","4","2507","10.1","Serie-dIn-Akami","35","2 - 3"
"275","275","93","5","2508","10","Serie-dIn-Akami","35","2 - 3"
"276","276","89","8","2505","6.8","Serie-dIn-Akami","35","2 - 3"
"277","277","92","5","2505","15.3","Serie-dIn-Akami","35","2 - 3"
"278","278","90","6","2504","12.5","Serie-dIn-Akami","35","2 - 3"
"279","278.99","86","6","2526","9.6","Serie-dIn-Akami","35","2 - 3"
"280","279.99","90","7","2600","12.9","Serie-dIn-Akami","35","2 - 3"
"281","280.99","91","6","2590","18.7","Serie-dIn-Akami","35","2 - 3"
"282","281.99","91","6","2588","23.3","Serie-dIn-Akami","35","2 - 3"
"283","282.99","91","6","2589","14.2","Serie-dIn-Akami","35","2 - 3"
"284","283.99","91","7","2590","13.8","Serie-dIn-Akami","35","2 - 3"
"285","284.99","90","7","2592","14.3","Serie-dIn-Akami","35","2 - 3"
"286","285.99","92","6","2592","17.7","Serie-dIn-Akami","35","2 - 3"
"287","286.99","89","6","2592","14","Serie-dIn-Akami","35","2 - 3"
"288","287.99","86","8","2592","13.5","Serie-dIn-Akami","35","2 - 3"
"289","288.99","90","4","2582","7.9","Serie-dIn-Akami","35","2 - 3"
"290","289.99","91","4","2571","30.7","Serie-dIn-Akami","35","2 - 3"
"291","290.99","92","3","2564","20","Serie-dIn-Akami","35","2 - 3"
"292","291.99","90","5","2579","19.1","Serie-dIn-Akami","35","2 - 3"
"293","292.99","92","4","2579","21.7","Serie-dIn-Akami","35","2 - 3"
"294","293.99","94","3","2573","22.3","Serie-dIn-Akami","35","2 - 3"
"295","294.99","92","5","2568","19","Serie-dIn-Akami","35","2 - 3"
"296","295.99","93","4","2564","17.3","Serie-dIn-Akami","35","2 - 3"
"297","296.99","92","4","2571","16","Serie-dIn-Akami","35","2 - 3"
"298","297.99","91","4","2590","11.4","Serie-dIn-Akami","35","2 - 3"
"299","298.99","90","6","2595","9.2","Serie-dIn-Akami","35","2 - 3"
"300","299.99","94","4","2589","8.2","Serie-dIn-Akami","35","2 - 3"
"301","300.99","97","3","2590","10.5","Serie-dIn-Akami","35","2 - 3"
"302","301.99","96","4","2584","8.2","Serie-dIn-Akami","35","2 - 3"
"303","302.99","92","6","2582","5","Serie-dIn-Akami","35","2 - 3"
"304","303.99","94","5","2587","6.3","Serie-dIn-Akami","35","2 - 3"
"305","304.99","95","5","2582","6.7","Serie-dIn-Akami","35","2 - 3"
"306","305.99","91","3","2581","5.9","Serie-dIn-Akami","35","2 - 3"
"307","306.99","88","7","2584","8","Taouratine-Sup","35","2,5 - 3"
"308","307.99","92","8","2590","14.2","Taouratine-Sup","35","2,5 - 3"
"309","308.99","87","8","2591","12.9","Taouratine-Sup","35","2,5 - 3"
"310","309.99","86","8","2593","11.7","Taouratine-Sup","35","2,5 - 3"
"311","310.99","89","9","2593","7.8","Taouratine-Sup","35","2,5 - 3"
"312","311.99","97","6","2595","11.3","Taouratine-Sup","35","2,5 - 3"
"313","312.99","93","5","2596","18.7","Taouratine-Sup","35","2,5 - 3"
"314","313.99","87","6","2597","16","Taouratine-Sup","35","2,5 - 3"
"315","314.99","88","8","2593","5.7","Taouratine-Sup","35","2,5 - 3"
"316","315.99","86","6","2591","14","Taouratine-Sup","35","2,5 - 3"
"317","316.99","86","6","2588","9.7","Taouratine-Sup","35","2,5 - 3"
"318","317.99","89","8","2588","14.9","Taouratine-Sup","35","2,5 - 3"
"319","318.99","87","9","2588","12.4","Taouratine-Sup","35","2,5 - 3"
"320","319.99","88","9","2583","9.4","Taouratine-Sup","35","2,5 - 3"
"321","320.99","88","9","2581","10.4","Taouratine-Sup","35","2,5 - 3"
"322","321.99","90","7","2583","13.6","Taouratine-Sup","35","2,5 - 3"
"323","322.99","91","6","2584","13.9","Taouratine-Sup","35","2,5 - 3"
"324","323.99","89","7","2584","10.4","Taouratine-Sup","35","2,5 - 3"
"325","324.99","94","5","2585","12.7","Taouratine-Moy","40","3 - 3,5"
"326","325.99","104","2","2603","7.2","Taouratine-Moy","40","3 - 3,5"
"327","326.99","110","1","2610","11.9","Taouratine-Moy","40","3 - 3,5"
"328","327.99","107","2","2605","5.8","Taouratine-Moy","40","3 - 3,5"
"329","328.99","103","3","2602","9.9","Taouratine-Moy","40","3 - 3,5"
"330","329.99","106","3","2605","8.6","Taouratine-Moy","40","3 - 3,5"
"331","330.99","106","3","2605","8.9","Taouratine-Moy","40","3 - 3,5"
"332","331.99","105","3","2604","10.2","Taouratine-Moy","40","3 - 3,5"
"333","332.99","108","2","2603","6.2","Taouratine-Moy","40","3 - 3,5"
"334","333.99","110","1","2603","5","Taouratine-Moy","40","3 - 3,5"
"335","334.99","89","4","2587","8.3","Taouratine-Moy","40","3 - 3,5"
"336","335.99","88","7","2584","12.1","Taouratine-Moy","40","3 - 3,5"
"337","336.99","90","6","2585","9.4","Taouratine-Moy","40","3 - 3,5"
"338","337.99","93","6","2587","7.6","Taouratine-Moy","40","3 - 3,5"
"339","338.99","93","7","2590","12.1","Taouratine-Moy","40","3 - 3,5"
"340","339.99","93","7","2589","13.1","Taouratine-Moy","40","3 - 3,5"
"341","340.99","91","8","2589","9.5","Taouratine-Moy","40","3 - 3,5"
"342","341.99","91","8","2591","14.6","Taouratine-Moy","40","3 - 3,5"
"343","342.99","92","8","2589","14.1","Taouratine-Moy","40","3 - 3,5"
"344","343.99","90","6","2588","14.7","Taouratine-Moy","40","3 - 3,5"
"345","344.99","98","3","2596","8.1","Taouratine-Moy","40","3 - 3,5"
"346","345.99","97","2","2602","12.6","Taouratine-Moy","40","3 - 3,5"
"347","346.99","94","3","2606","7.9","Taouratine-Moy","40","3 - 3,5"
"348","347.99","91","5","2602","8.1","Taouratine-Moy","40","3 - 3,5"
"349","348.99","92","5","2603","7.8","Taouratine-Moy","40","3 - 3,5"
"350","349.99","87","7","2603","12","Taouratine-Moy","40","3 - 3,5"
"351","350.99","89","6","2600","9.3","Taouratine-Moy","40","3 - 3,5"
"352","351.99","92","5","2602","11.1","Taouratine-Moy","40","3 - 3,5"
"353","352.99","85","5","2601","6.2","Taouratine-Moy","40","3 - 3,5"
"354","353.99","77","5","2605","5.3","Taouratine-Moy","40","3 - 3,5"
"355","354.99","76","6","2605","5.3","Taouratine-Moy","40","3 - 3,5"
"356","355.99","78","5","2603","6.3","Taouratine-Moy","40","3 - 3,5"
"357","356.99","75","6","2601","10.1","Taouratine-Moy","40","3 - 3,5"
"358","357.99","74","7","2601","9.7","Taouratine-Moy","40","3 - 3,5"
"359","358.99","76","6","2604","8.7","Taouratine-Moy","40","3 - 3,5"
"360","359.99","78","7","2603","10.5","Taouratine-Moy","40","3 - 3,5"
"361","360.99","80","8","2603","7.5","Taouratine-Moy","40","3 - 3,5"
"362","361.99","82","8","2604","5.8","Taouratine-Moy","40","3 - 3,5"
"363","362.99","90","7","2598","10.4","Taouratine-Moy","40","3 - 3,5"
"364","363.99","105","7","2588","7.7","Taouratine-Moy","40","3 - 3,5"
"365","364.99","105","7","2590","6.9","Taouratine-Moy","40","3 - 3,5"
"366","365.99","117","4","2596","2.1","Taouratine-Moy","40","3 - 3,5"
"367","366.99","109","7","2597","4.3","Taouratine-Moy","40","3 - 3,5"
"368","367.99","110","7","2601","4.2","Taouratine-Moy","40","3 - 3,5"
"369","368.99","105","9","2596","5","Taouratine-Moy","40","3 - 3,5"
"370","369.99","102","10","2603","4.3","Taouratine-Moy","40","3 - 3,5"
"371","370.99","101","10","2602","7.7","Taouratine-Moy","40","3 - 3,5"
"372","371.99","99","8","2597","5.8","Taouratine-Moy","40","3 - 3,5"
"373","372.99","92","6","2590","6.6","Taouratine-Moy","40","3 - 3,5"
"374","373.99","91","7","2592","10.7","Taouratine-Moy","40","3 - 3,5"
"375","374.99","96","4","2590","4.9","Taouratine-Moy","40","3 - 3,5"
"376","375.99","101","3","2589","2.4","Taouratine-Moy","40","3 - 3,5"
"377","376.99","96","8","2589","6.4","Taouratine-Moy","40","3 - 3,5"
"378","377.99","94","9","2585","9.9","Taouratine-Moy","40","3 - 3,5"
"379","378.99","95","9","2587","8.1","Taouratine-Inf","45","3 - 4"
"380","379.99","93","9","2586","16.3","Taouratine-Inf","45","3 - 4"
"381","380.99","103","5","2586","14","Taouratine-Inf","45","3 - 4"
"382","381.99","84","4","2579","9.4","Taouratine-Inf","45","3 - 4"
"383","382.99","79","7","2577","7.2","Taouratine-Inf","45","3 - 4"
"384","383.99","80","7","2576","6","Taouratine-Inf","45","3 - 4"
"385","384.99","85","4","2574","10.8","Taouratine-Inf","45","3 - 4"
"386","385.99","85","3","2573","12.3","Taouratine-Inf","45","3 - 4"
"387","386.99","81","4","2573","12.5","Taouratine-Inf","45","3 - 4"
"388","387.99","82","5","2574","6.6","Taouratine-Inf","45","3 - 4"
"389","388.99","81","6","2574","8.8","Taouratine-Inf","45","3 - 4"
"390","389.99","83","4","2576","9","Taouratine-Inf","45","3 - 4"
"391","390.99","79","4","2580","12.5","Taouratine-Inf","45","3 - 4"
"392","391.99","79","4","2565","17.4","Taouratine-Inf","45","3 - 4"
"393","392.99","82","3","2569","11.6","Taouratine-Inf","45","3 - 4"
"394","393.99","79","4","2580","10.2","Taouratine-Inf","45","3 - 4"
"395","394.99","80","4","2592","12.5","Taouratine-Inf","45","3 - 4"
"396","395.99","80","3","2590","17.4","Taouratine-Inf","45","3 - 4"
"397","396.99","80","4","2590","19.2","Taouratine-Inf","45","3 - 4"
"398","397.99","80","4","2590","10.5","Taouratine-Inf","45","3 - 4"
"399","398.99","73","7","2588","14.1","Taouratine-Inf","45","3 - 4"
"400","399.99","76","6","2598","7.6","Taouratine-Inf","45","3 - 4"
"401","400.99","94","7","2620","8.6","Taouratine-Inf","45","3 - 4"
"402","401.99","92","9","2619","10.6","Taouratine-Inf","45","3 - 4"
"403","402.99","93","8","2621","10.7","Taouratine-Inf","45","3 - 4"
"404","403.99","93","8","2621","13.9","Taouratine-Inf","45","3 - 4"
"405","404.99","94","8","2620","10.9","Taouratine-Inf","45","3 - 4"
"406","405.99","96","6","2620","11.7","Taouratine-Inf","45","3 - 4"
"407","406.99","98","6","2621","6.7","Taouratine-Inf","45","3 - 4"
"408","407.99","99","5","2620","12.8","Taouratine-Inf","45","3 - 4"
"409","408.99","92","6","2617","11.7","Taouratine-Inf","45","3 - 4"
"410","409.99","86","8","2573","8.3","Taouratine-Inf","45","3 - 4"
"411","410.99","98","4","2572","5.8","Taouratine-Inf","45","3 - 4"
"412","411.99","96","6","2576","6.3","Taouratine-Inf","45","3 - 4"
"413","412.99","97","6","2575","4.7","Taouratine-Inf","45","3 - 4"
"414","413.99","103","4","2572","3.8","Taouratine-Inf","45","3 - 4"
"415","414.99","98","5","2556","5.1","Taouratine-Inf","45","3 - 4"
"416","415.99","102","3","2565","7.1","Taouratine-Inf","45","3 - 4"
"417","416.99","101","4","2571","8.5","Taouratine-Inf","45","3 - 4"
"418","417.99","99","4","2573","5.6","Taouratine-Inf","45","3 - 4"
"419","418.99","89","5","2564","5.4","Taouratine-Inf","45","3 - 4"
"420","419.99","93","4","2565","5.8","Taouratine-Inf","45","3 - 4"
"421","420.99","94","3","2561","5.2","Taouratine-Inf","45","3 - 4"
"422","421.99","91","4","2553","7","Taouratine-Inf","45","3 - 4"
"423","422.99","94","3","2566","8.2","Taouratine-Inf","45","3 - 4"
"424","423.99","88","5","2567","10.9","Taouratine-Inf","45","3 - 4"
"425","424.99","88","6","2563","8","Taouratine-Inf","45","3 - 4"
"426","425.99","87","6","2579","7.1","Taouratine-Inf","45","3 - 4"
"427","426.99","89","5","2574","13","Taouratine-Inf","45","3 - 4"
"428","427.99","87","6","2570","11.7","Taouratine-Inf","45","3 - 4"
"429","428.99","83","6","2578","8.3","Taouratine-Inf","45","3 - 4"
"430","429.99","91","7","2567","7.8","Taouratine-Inf","45","3 - 4"
"431","430.99","91","7","2563","5.7","Taouratine-Inf","45","3 - 4"
"432","431.99","90","8","2566","4.2","Taouratine-Inf","45","3 - 4"
"433","432.99","90","8","2570","6.7","Taouratine-Inf","45","3 - 4"
"434","433.99","89","9","2571","7","Taouratine-Inf","45","3 - 4"
"435","434.99","90","9","2591","7.8","Taouratine-Inf","45","3 - 4"
"436","435.99","89","8","2587","7.2","Taouratine-Inf","45","3 - 4"
"437","436.99","85","8","2591","6.6","Taouratine-Inf","45","3 - 4"
"438","437.99","87","7","2578","5.7","Taouratine-Inf","45","3 - 4"
"439","438.99","89","7","2564","8.6","Taouratine-Inf","45","3 - 4"
"440","439.99","92","8","2584","7.1","Taouratine-Inf","45","3 - 4"
"441","440.99","87","9","2598","8.8","Taouratine-Inf","45","3 - 4"
"442","441.99","89","7","2598","4.2","Taouratine-Inf","45","3 - 4"
"443","442.99","94","5","2601","3.4","Taouratine-Inf","45","3 - 4"
"444","443.99","93","4","2600","7","Taouratine-Inf","45","3 - 4"
"445","444.99","85","6","2605","4.4","Taouratine-Inf","45","3 - 4"
"446","445.99","85","8","2605","3","Taouratine-Inf","45","3 - 4"
"447","446.99","85","8","2611","3.6","Taouratine-Inf","45","3 - 4"
"448","447.99","75","9","2593","4","Taouratine-Inf","45","3 - 4"
"449","448.99","83","8","2590","4.2","Taouratine-Inf","45","3 - 4"
"450","449.99","86","9","2587","6.5","Taouratine-Inf","45","3 - 4"
"451","450.99","86","8","2587","9","Taouratine-Inf","45","3 - 4"
"452","451.99","89","5","2585","15.5","Taouratine-Inf","45","3 - 4"
"453","452.99","87","5","2582","19.8","Taouratine-Inf","45","3 - 4"
"454","453.99","83","7","2584","17.4","Taouratine-Inf","45","3 - 4"
"455","454.99","85","6","2584","15.8","Taouratine-Inf","45","3 - 4"
"456","455.99","86","6","2581","11.9","Taouratine-Inf","45","3 - 4"
"457","456.99","85","5","2592","9.5","Taouratine-Inf","45","3 - 4"
"458","457.99","89","7","2608","12.2","Taouratine-Inf","45","3 - 4"
"459","458.99","91","6","2609","13.7","Taouratine-Inf","45","3 - 4"
"460","459.99","94","5","2426","8.6","Taouratine-Inf","45","3 - 4"
"461","460.99","94","5","2411","14.3","Taouratine-Inf","45","3 - 4"
"462","461.99","98","3","2410","8.3","Taouratine-Inf","45","3 - 4"
"463","462.99","91","6","2412","9.2","Taouratine-Inf","45","3 - 4"
"464","463.99","93","5","2412","4.6","Taouratine-Inf","45","3 - 4"
"465","464.99","72","5","2267","4.8","Taouratine-Inf","45","3 - 4"
"466","465.99","72","4","2229","6.2","Taouratine-Inf","45","3 - 4"
"467","466.99","85","5","2227","17.9","Taouratine-Inf","45","3 - 4"
"468","467.99","96","2","2219","6.6","Taouratine-Inf","45","3 - 4"
"469","468.99","91","4","2220","11.4","Taouratine-Inf","45","3 - 4"
"470","469.99","89","4","2220","6.1","Taouratine-Inf","45","3 - 4"
"471","470.99","83","4","2215","8.4","Taouratine-Inf","45","3 - 4"
"472","471.99","83","6","2217","4.2","Taouratine-Inf","45","3 - 4"
"473","472.99","84","5","2220","6.7","Taouratine-Inf","45","3 - 4"
"474","473.99","88","3","2212","9.3","Taouratine-Inf","45","3 - 4"
"475","474.99","87","4","2213","8","Taouratine-Inf","45","3 - 4"
"476","475.99","94","4","2280","1.7","Taouratine-Inf","45","3 - 4"
"477","476.99","79","6","2323","2.2","Taouratine-Inf","45","3 - 4"
"478","477.99","77","5","2320","4.9","Taouratine-Inf","45","3 - 4"
"479","478.99","83","6","2396","2.8","Taouratine-Inf","45","3 - 4"
"480","479.99","93","8","2505","3.5","Taouratine-Inf","45","3 - 4"
"481","480.99","103","5","2497","3.2","Taouratine-Inf","45","3 - 4"
"482","481.99","105","4","2496","10.2","Taouratine-Inf","45","3 - 4"
"483","482.99","97","7","2495","11.6","Taouratine-Inf","45","3 - 4"
"484","483.99","98","5","2494","9.4","Taouratine-Inf","45","3 - 4"
"485","484.99","96","4","2499","10.7","Taouratine-Inf","45","3 - 4"
"486","485.99","95","5","2512","10","Taouratine-Inf","45","3 - 4"
"487","486.99","95","3","2512","12.3","Taouratine-Inf","45","3 - 4"
"488","487.99","89","6","2331","11","Taouratine-Inf","45","3 - 4"
"489","488.99","92","8","2439","3","Taouratine-Inf","45","3 - 4"
"490","489.99","100","7","2516","2.8","Taouratine-Inf","45","3 - 4"
"491","490.99","101","7","2512","4","Taouratine-Inf","45","3 - 4"
"492","491.99","104","5","2511","4.5","Taouratine-Inf","45","3 - 4"
"493","492.99","97","8","2511","12.4","Taouratine-Inf","45","3 - 4"
"494","493.99","95","7","2509","6.7","Taouratine-Inf","45","3 - 4"
"495","494.99","92","5","2495","9.8","Taouratine-Inf","45","3 - 4"
"496","495.99","85","8","2496","8.2","Taouratine-Inf","45","3 - 4"
"497","496.99","87","7","2507","8.1","Taouratine-Inf","45","3 - 4"
"498","497.99","90","7","2500","4.1","Taouratine-Inf","45","3 - 4"
"499","498.99","86","8","2499","7.7","Taouratine-Inf","45","3 - 4"
"500","499.99","91","7","2490","4.6","Taouratine-Inf","45","3 - 4"
"501","500.99","87","8","2480","12.8","Taouratine-Inf","45","3 - 4"
"502","501.99","88","7","2473","11.7","Taouratine-Inf","45","3 - 4"
"503","502.99","86","7","2473","8.4","Taouratine-Inf","45","3 - 4"
"504","503.99","80","7","2467","7.4","Taouratine-Inf","45","3 - 4"
"505","504.99","81","7","2478","6.6","Taouratine-Inf","45","3 - 4"
"506","505.99","78","8","2514","8.8","Taouratine-Inf","45","3 - 4"
"507","506.99","81","7","2509","6.3","Taouratine-Inf","45","3 - 4"
"508","507.99","79","8","2512","7","Taouratine-Inf","45","3 - 4"
"509","508.99","77","7","2525","6.9","Taouratine-Inf","45","3 - 4"
"510","509.99","81","8","2524","8.1","Taouratine-Inf","45","3 - 4"
"511","510.99","79","8","2530","6.3","Taouratine-Inf","45","3 - 4"
"512","511.99","83","8","2517","3.9","Taouratine-Inf","45","3 - 4"
"513","512.99","86","8","2520","3.8","Taouratine-Inf","45","3 - 4"
"514","513.99","93","6","2485","3.8","Taouratine-Inf","45","3 - 4"
"515","514.99","95","8","2503","5.7","Taouratine-Inf","45","3 - 4"
"516","515.99","98","7","2499","3.5","Taouratine-Inf","45","3 - 4"
"517","516.99","92","7","2500","8.2","Taouratine-Inf","45","3 - 4"
"518","517.99","95","6","2499","5.6","Taouratine-Inf","45","3 - 4"
"519","518.99","90","8","2499","6.4","Taouratine-Inf","45","3 - 4"
"520","519.99","99","5","2500","6.9","Taouratine-Inf","45","3 - 4"
"521","520.99","103","4","2501","11.2","Taouratine-Inf","45","3 - 4"
"522","521.99","82","6","2497","6.8","Taouratine-Inf","45","3 - 4"
"523","522.99","73","6","2485","5.3","Taouratine-Inf","45","3 - 4"
"524","523.99","90","5","2514","5.7","Taouratine-Inf","45","3 - 4"
"525","524.99","93","8","2517","13.7","Taouratine-Inf","45","3 - 4"
"526","525.99","96","6","2517","15.3","Taouratine-Inf","45","3 - 4"
"527","526.99","99","6","2518","9","Taouratine-Inf","45","3 - 4"
"528","527.99","100","6","2538","2.7","Taouratine-Inf","45","3 - 4"
"529","528.99","90","6","2576","3.1","Taouratine-Inf","45","3 - 4"
"530","529.99","96","4","2574","6.6","Taouratine-Inf","45","3 - 4"
"531","530.99","87","5","2570","4.2","Taouratine-Inf","45","3 - 4"
"532","531.99","77","7","2570","3.3","Taouratine-Inf","45","3 - 4"
"533","532.99","95","3","2585","8.3","Taouratine-Inf","45","3 - 4"
"534","533.99","92","5","2603","3.7","Taouratine-Inf","45","3 - 4"
"535","534.99","89","6","2621","3.4","Taouratine-Inf","45","3 - 4"
"536","535.99","87","7","2597","3.8","Taouratine-Inf","45","3 - 4"
"537","536.99","91","6","2597","2.4","Taouratine-Inf","45","3 - 4"
"538","537.99","88","6","2595","7.8","Taouratine-Inf","45","3 - 4"
"539","538.99","92","8","2593","1.9","Taouratine-Inf","45","3 - 4"
"540","539.99","93","7","2591","2","Taouratine-Inf","45","3 - 4"
"541","540.99","93","9","2591","1.5","Taouratine-Inf","45","3 - 4"
"542","541.99","83","9","2591","1.5","Taouratine-Inf","45","3 - 4"
"543","542.99","100","6","2597","7.9","Taouratine-Inf","45","3 - 4"
"544","543.99","100","6","2593","4.3","Taouratine-Inf","45","3 - 4"
"545","544.99","100","6","2591","3.1","Taouratine-Inf","45","3 - 4"
"546","545.99","100","6","2592","4.6","Taouratine-Inf","45","3 - 4"
"547","546.99","101","7","2582","3.5","Taouratine-Inf","45","3 - 4"
"548","547.99","100","7","2577","4.1","Taouratine-Inf","45","3 - 4"
"549","548.99","52","2","2511","13","Taouratine-Inf","45","3 - 4"
"550","549.99","52","1","2603","13.7","Taouratine-Inf","45","3 - 4"
"551","550.99","52","1","2608","4.9","Taouratine-Inf","45","3 - 4"
"552","551.99","53","1","2608","4.6","Taouratine-Inf","45","3 - 4"
"553","552.99","51","1","2605","6.4","Taouratine-Inf","45","3 - 4"
"554","553.99","51","1","2586","6.2","Taouratine-Inf","45","3 - 4"
"555","554.99","49","1","2576","4.8","Taouratine-Inf","45","3 - 4"
"556","555.99","54","1","2586","5.1","Taouratine-Inf","45","3 - 4"
"557","556.99","65","1","2593","10.5","Taouratine-Inf","45","3 - 4"
"558","557.99","66","1","2593","13.1","Taouratine-Inf","45","3 - 4"
"559","558.99","66","1","2592","11.7","Taouratine-Inf","45","3 - 4"
"560","559.99","61","1","2592","15.4","Taouratine-Inf","45","3 - 4"
"561","560.99","59","1","2593","12.4","Taouratine-Inf","45","3 - 4"
"562","561.99","59","1","2592","26.8","Taouratine-Inf","45","3 - 4"
"563","562.99","59","1","2594","12.5","Taouratine-Inf","45","3 - 4"
"564","563.99","59","1","2595","8.5","Taouratine-Inf","45","3 - 4"
"565","564.99","58","1","2595","14.4","Taouratine-Inf","45","3 - 4"
"566","565.99","56","1","2598","13.6","Taouratine-Inf","45","3 - 4"
"567","566.99","65","1","2599","30.5","Taouratine-Inf","45","3 - 4"
"568","567.99","65","1","2597","34.2","Zarzaitine Sup","55","4 - 5"
"569","568.99","67","1","2596","18.3","Zarzaitine Sup","55","4 - 5"
"570","569.99","67","1","2598","12.8","Zarzaitine Sup","55","4 - 5"
"571","570.99","68","1","2597","11.3","Zarzaitine Sup","55","4 - 5"
"572","571.99","65","1","2596","30.2","Zarzaitine Sup","55","4 - 5"
"573","572.99","67","1","2595","27.7","Zarzaitine Sup","55","4 - 5"
"574","573.99","65","1","2594","24.4","Zarzaitine Sup","55","4 - 5"
"575","574.99","80","1","2592","14","Zarzaitine Sup","55","4 - 5"
"576","575.99","90","2","2590","8","Zarzaitine Sup","55","4 - 5"
"577","576.99","93","2","2591","7.6","Zarzaitine Sup","55","4 - 5"
"578","577.99","94","3","2588","11.5","Zarzaitine Sup","55","4 - 5"
"579","578.99","101","2","2587","16.7","Zarzaitine Sup","55","4 - 5"
"580","579.99","98","3","2587","22","Zarzaitine Sup","55","4 - 5"
"581","580.99","101","3","2586","16.4","Zarzaitine Sup","55","4 - 5"
"582","581.99","101","3","2584","15.3","Zarzaitine Sup","55","4 - 5"
"583","582.99","100","3","2582","16.2","Zarzaitine Sup","55","4 - 5"
"584","583.99","100","3","2590","12.1","Zarzaitine Sup","55","4 - 5"
"585","584.99","101","3","2587","24.1","Zarzaitine Sup","55","4 - 5"
"586","585.99","104","4","2586","27.6","Zarzaitine Sup","55","4 - 5"
"587","586.99","107","3","2588","23.6","Zarzaitine Sup","55","4 - 5"
"588","587.99","99","4","2590","28.3","Zarzaitine Sup","55","4 - 5"
"589","588.99","100","4","2589","29.3","Zarzaitine Sup","55","4 - 5"
"590","589.99","101","3","2590","55.4","Zarzaitine Sup","55","4 - 5"
"591","590.99","93","5","2590","63.5","Zarzaitine Sup","55","4 - 5"
"592","591.99","89","5","2589","70.6","Zarzaitine Sup","55","4 - 5"
"593","592.99","86","5","2589","33.3","Zarzaitine Sup","55","4 - 5"
"594","593.99","108","2","2610","11.6","Zarzaitine Sup","55","4 - 5"
"595","594.99","106","2","2609","10.6","Zarzaitine Sup","55","4 - 5"
"596","595.99","102","3","2610","22.2","Zarzaitine Sup","55","4 - 5"
"597","596.99","100","3","2610","22.7","Zarzaitine Sup","55","4 - 5"
"598","597.99","104","2","2607","27","Zarzaitine Sup","55","4 - 5"
"599","598.99","110","2","2607","29.5","Zarzaitine Sup","55","4 - 5"
"600","599.99","107","2","2608","33.6","Zarzaitine Sup","55","4 - 5"
"601","600.99","107","2","2608","33","Zarzaitine Sup","55","4 - 5"
"602","601.99","109","2","2608","41.3","Zarzaitine Sup","55","4 - 5"
"603","602.99","101","2","2613","19.3","Zarzaitine Sup","55","4 - 5"
"604","603.99","104","2","2613","34.3","Zarzaitine Sup","55","4 - 5"
"605","604.98","83","6","2613","71.4","Zarzaitine Sup","55","4 - 5"
"606","605.98","83","7","2612","68.6","Zarzaitine Sup","55","4 - 5"
"607","606.98","87","6","2612","79.7","Zarzaitine Sup","55","4 - 5"
"608","607.98","84","7","2611","84.3","Zarzaitine Sup","55","4 - 5"
"609","608.98","84","7","2611","85.9","Zarzaitine Sup","55","4 - 5"
"610","609.98","82","7","2611","72","Zarzaitine Sup","55","4 - 5"
"611","610.98","82","7","2612","67.7","Zarzaitine Sup","55","4 - 5"
"612","611.98","91","5","2605","25.3","Zarzaitine Sup","55","4 - 5"
"613","612.98","93","7","2589","67.6","Zarzaitine Sup","55","4 - 5"
"614","613.98","91","8","2588","65.3","Zarzaitine Sup","55","4 - 5"
"615","614.98","90","9","2588","67.8","Zarzaitine Sup","55","4 - 5"
"616","615.98","94","7","2588","73.1","Zarzaitine Sup","55","4 - 5"
"617","616.98","102","6","2589","52.3","Zarzaitine Sup","55","4 - 5"
"618","617.98","97","8","2589","66.4","Zarzaitine Sup","55","4 - 5"
"619","618.98","91","8","2588","67.8","Zarzaitine Sup","55","4 - 5"
"620","619.98","88","9","2588","73.4","Zarzaitine Sup","55","4 - 5"
"621","620.98","98","6","2589","37.9","Zarzaitine Sup","55","4 - 5"
"622","621.98","93","3","2596","17","Zarzaitine Sup","55","4 - 5"
"623","622.98","97","3","2592","18.9","Zarzaitine Sup","55","4 - 5"
"624","623.98","89","6","2567","37.4","Zarzaitine Sup","55","4 - 5"
"625","624.98","85","6","2567","55.2","Zarzaitine Sup","55","4 - 5"
"626","625.98","84","6","2567","55.6","Zarzaitine Sup","55","4 - 5"
"627","626.98","82","6","2567","50.6","Zarzaitine Sup","55","4 - 5"
"628","627.98","80","6","2565","55.4","Zarzaitine Sup","55","4 - 5"
"629","628.98","81","6","2563","60","Zarzaitine Sup","55","4 - 5"
"630","629.98","80","6","2562","60.7","Zarzaitine Sup","55","4 - 5"
"631","630.98","85","4","2577","19.6","Zarzaitine Sup","55","4 - 5"
"632","631.98","82","6","2604","41","Zarzaitine Sup","55","4 - 5"
"633","632.98","80","6","2605","48.7","Zarzaitine Sup","55","4 - 5"
"634","633.98","80","6","2605","46","Zarzaitine Sup","55","4 - 5"
"635","634.98","84","6","2614","28.7","Zarzaitine Sup","55","4 - 5"
"636","635.98","78","7","2616","48.5","Zarzaitine Sup","55","4 - 5"
"637","636.98","80","7","2615","51.4","Zarzaitine Sup","55","4 - 5"
"638","637.98","77","7","2614","52.7","Zarzaitine Sup","55","4 - 5"
"639","638.98","80","7","2613","46.8","Zarzaitine Sup","55","4 - 5"
"640","639.98","77","7","2610","56.2","Zarzaitine Sup","55","4 - 5"
"641","640.98","97","3","2600","18.2","Zarzaitine Sup","55","4 - 5"
"642","641.98","93","6","2576","30.4","Zarzaitine Sup","55","4 - 5"
"643","642.98","87","8","2576","49.8","Zarzaitine Sup","55","4 - 5"
"644","643.98","87","8","2577","55","Zarzaitine Sup","55","4 - 5"
"645","644.98","84","8","2577","51.4","Zarzaitine Sup","55","4 - 5"
"646","645.98","85","8","2579","43.4","Zarzaitine Sup","55","4 - 5"
"647","646.98","82","9","2580","45.5","Zarzaitine Sup","55","4 - 5"
"648","647.98","82","8","2579","47","Zarzaitine Sup","55","4 - 5"
"649","648.98","85","8","2577","49.3","Zarzaitine Sup","55","4 - 5"
"650","649.98","93","4","2579","35.8","Zarzaitine Sup","55","4 - 5"
"651","650.98","113","2","2598","46.4","Zarzaitine Sup","55","4 - 5"
"652","651.98","106","3","2594","65.5","Zarzaitine Sup","55","4 - 5"
"653","652.98","106","3","2592","78.7","Zarzaitine Sup","55","4 - 5"
"654","653.98","99","3","2596","65","Zarzaitine Sup","55","4 - 5"
"655","654.98","111","2","2594","40.9","Zarzaitine Sup","55","4 - 5"
"656","655.98","91","7","2594","44.2","Zarzaitine Sup","55","4 - 5"
"657","656.98","86","8","2593","61.3","Zarzaitine Sup","55","4 - 5"
"658","657.98","84","8","2592","65","Zarzaitine Sup","55","4 - 5"
"659","658.98","81","7","2592","35.9","Zarzaitine Sup","55","4 - 5"
"660","659.98","100","4","2601","18.6","Zarzaitine Sup","55","4 - 5"
"661","660.98","85","8","2600","59.1","Zarzaitine Sup","55","4 - 5"
"662","661.98","87","8","2600","69.9","Zarzaitine Sup","55","4 - 5"
"663","662.98","92","7","2601","54.9","Zarzaitine Sup","55","4 - 5"
"664","663.98","85","8","2600","55.2","Zarzaitine Sup","55","4 - 5"
"665","664.98","86","8","2600","64.7","Zarzaitine Sup","55","4 - 5"
"666","665.98","85","8","2599","76.6","Zarzaitine Sup","55","4 - 5"
"667","666.98","116","1","2600","51.1","Zarzaitine Sup","55","4 - 5"
"668","667.98","112","1","2600","48.9","Zarzaitine Sup","55","4 - 5"
"669","668.98","107","1","2603","23.3","Zarzaitine Sup","55","4 - 5"
"670","669.98","116","3","2638","28","Zarzaitine Sup","55","4 - 5"
"671","670.98","120","1","2637","65.9","Zarzaitine Sup","55","4 - 5"
"672","671.98","118","2","2636","60.9","Zarzaitine Sup","55","4 - 5"
"673","672.98","125","1","2637","43.1","Zarzaitine Sup","55","4 - 5"
"674","673.98","116","2","2637","70.3","Zarzaitine Sup","55","4 - 5"
"675","674.98","115","3","2637","69.3","Zarzaitine Sup","55","4 - 5"
"676","675.98","122","2","2638","64.1","Zarzaitine Sup","55","4 - 5"
"677","676.98","110","4","2639","47.8","Zarzaitine Sup","55","4 - 5"
"678","677.98","97","6","2638","45.8","Zarzaitine Sup","55","4 - 5"
"679","678.98","103","2","2628","18.4","Zarzaitine Sup","55","4 - 5"
"680","679.98","105","4","2618","42","Zarzaitine Sup","55","4 - 5"
"681","680.98","116","1","2618","48.9","Zarzaitine Sup","55","4 - 5"
"682","681.98","96","6","2617","45.5","Zarzaitine Sup","55","4 - 5"
"683","682.98","101","5","2617","37.2","Zarzaitine Sup","55","4 - 5"
"684","683.98","106","3","2618","24.8","Zarzaitine Sup","55","4 - 5"
"685","684.98","97","4","2618","33","Zarzaitine Sup","55","4 - 5"
"686","685.98","104","3","2619","29","Zarzaitine Sup","55","4 - 5"
"687","686.98","107","3","2617","16.7","Zarzaitine Sup","55","4 - 5"
"688","687.73","101","4","2619","34.5","Zarzaitine Sup","55","4 - 5"
"689","688.98","110","2","2609","4.9","Zarzaitine Sup","55","4 - 5"
"690","689.98","115","4","2609","50.8","Zarzaitine Sup","55","4 - 5"
"691","690.98","122","2","2608","60.8","Zarzaitine Sup","55","4 - 5"
"692","691.98","133","1","2608","38.2","Zarzaitine Sup","55","4 - 5"
"693","692.98","140","0","2610","29.2","Zarzaitine Sup","55","4 - 5"
"694","693.98","128","1","2610","45.4","Zarzaitine Sup","55","4 - 5"
"695","694.98","113","4","2609","61.5","Zarzaitine Sup","55","4 - 5"
"696","695.98","109","4","2607","79.5","Zarzaitine Sup","55","4 - 5"
"697","696.98","108","6","2607","79.9","Zarzaitine Sup","55","4 - 5"
"698","697.98","105","3","2594","15.8","Zarzaitine Sup","55","4 - 5"
"699","698.98","110","3","2580","47.1","Zarzaitine Sup","55","4 - 5"
"700","699.98","106","6","2579","46.8","Zarzaitine Sup","55","4 - 5"
"701","700.98","105","5","2579","40.9","Zarzaitine Sup","55","4 - 5"
"702","701.98","106","5","2577","53.5","Zarzaitine Sup","55","4 - 5"
"703","702.98","108","5","2576","50.6","Zarzaitine Sup","55","4 - 5"
"704","703.98","119","3","2575","61","Zarzaitine Sup","55","4 - 5"
"705","704.98","107","6","2577","57.3","Zarzaitine Sup","55","4 - 5"
"706","705.98","107","5","2577","58.8","Zarzaitine Sup","55","4 - 5"
"707","706.98","108","6","2577","63.8","Zarzaitine Sup","55","4 - 5"
"708","707.98","100","1","2608","18.4","Zarzaitine Sup","55","4 - 5"
"709","708.98","89","4","2614","44.8","Zarzaitine Sup","55","4 - 5"
"710","709.98","90","4","2615","51.5","Zarzaitine Sup","55","4 - 5"
"711","710.98","87","4","2616","51.2","Zarzaitine Sup","55","4 - 5"
"712","711.98","88","4","2615","47.6","Zarzaitine Sup","55","4 - 5"
"713","712.98","95","3","2617","24.6","Zarzaitine Sup","55","4 - 5"
"714","713.98","91","4","2619","46.5","Zarzaitine Sup","55","4 - 5"
"715","714.98","91","4","2619","59.5","Zarzaitine Sup","55","4 - 5"
"716","715.98","87","6","2619","62.8","Zarzaitine Sup","55","4 - 5"
"717","716.97","90","3","2614","17.7","Zarzaitine Sup","55","4 - 5"
"718","717.97","96","3","2602","21.6","Zarzaitine Sup","55","4 - 5"
"719","718.97","92","3","2602","22.4","Zarzaitine Sup","55","4 - 5"
"720","719.97","89","4","2600","25.8","Zarzaitine Sup","55","4 - 5"
"721","720.97","93","3","2600","21.6","Zarzaitine Sup","55","4 - 5"
"722","721.97","87","4","2602","35.1","Zarzaitine Sup","55","4 - 5"
"723","722.97","91","3","2605","47.7","Zarzaitine Sup","55","4 - 5"
"724","723.97","99","3","2602","86.1","Zarzaitine Sup","55","4 - 5"
"725","724.97","101","2","2602","50.6","Zarzaitine Sup","55","4 - 5"
"726","725.97","93","3","2603","21.2","Zarzaitine Sup","55","4 - 5"
"727","726.97","104","1","2608","10.7","Zarzaitine Sup","55","4 - 5"
"728","727.97","107","1","2610","31.3","Zarzaitine Sup","55","4 - 5"
"729","728.97","108","1","2610","55.1","Zarzaitine Sup","55","4 - 5"
"730","729.97","114","0","2610","55.2","Zarzaitine Sup","55","4 - 5"
"731","730.97","111","1","2611","61.9","Zarzaitine Sup","55","4 - 5"
"732","731.97","111","1","2611","72.3","Zarzaitine Sup","55","4 - 5"
"733","732.97","99","4","2610","51.8","Zarzaitine Sup","55","4 - 5"
"734","733.97","104","3","2609","63.2","Zarzaitine Sup","55","4 - 5"
"735","734.97","111","1","2610","84.6","Zarzaitine Sup","55","4 - 5"
"736","735.97","110","2","2602","21.6","Zarzaitine Sup","55","4 - 5"
"737","736.97","106","3","2594","44.8","Zarzaitine Sup","55","4 - 5"
"738","737.97","104","3","2593","51.4","Zarzaitine Sup","55","4 - 5"
"739","738.97","101","3","2593","52.8","Zarzaitine Sup","55","4 - 5"
"740","739.97","104","2","2594","47.3","Zarzaitine Sup","55","4 - 5"
"741","740.97","102","3","2594","48.2","Zarzaitine Sup","55","4 - 5"
"742","741.97","103","2","2593","53.2","Zarzaitine Sup","55","4 - 5"
"743","742.97","102","5","2593","60.8","Zarzaitine Sup","55","4 - 5"
"744","743.97","98","8","2593","71.9","Zarzaitine Moy","60","4.5 - 5.5"
"745","744.97","92","4","2595","19.4","Zarzaitine Moy","60","4.5 - 5.5"
"746","745.97","91","2","2600","25.4","Zarzaitine Moy","60","4.5 - 5.5"
"747","746.97","90","2","2600","19.5","Zarzaitine Moy","60","4.5 - 5.5"
"748","747.97","91","2","2601","22.3","Zarzaitine Moy","60","4.5 - 5.5"
"749","748.97","91","2","2602","28.3","Zarzaitine Moy","60","4.5 - 5.5"
"750","749.97","92","2","2601","29.3","Zarzaitine Moy","60","4.5 - 5.5"
"751","750.97","88","2","2601","38.9","Zarzaitine Moy","60","4.5 - 5.5"
"752","751.97","89","3","2602","23.9","Zarzaitine Moy","60","4.5 - 5.5"
"753","752.97","105","1","2603","12.4","Zarzaitine Moy","60","4.5 - 5.5"
"754","753.97","100","2","2601","14.4","Zarzaitine Moy","60","4.5 - 5.5"
"755","754.97","91","3","2601","22.9","Zarzaitine Moy","60","4.5 - 5.5"
"756","755.97","90","4","2602","42.9","Zarzaitine Moy","60","4.5 - 5.5"
"757","756.97","92","4","2602","37.1","Zarzaitine Moy","60","4.5 - 5.5"
"758","757.97","99","2","2603","24.7","Zarzaitine Moy","60","4.5 - 5.5"
"759","758.97","93","4","2602","32.3","Zarzaitine Moy","60","4.5 - 5.5"
"760","759.97","95","3","2602","28.2","Zarzaitine Moy","60","4.5 - 5.5"
"761","760.97","95","3","2602","30.4","Zarzaitine Moy","60","4.5 - 5.5"
"762","761.97","95","3","2607","35.5","Zarzaitine Moy","60","4.5 - 5.5"
"763","762.97","96","3","2621","27.4","Zarzaitine Moy","60","4.5 - 5.5"
"764","763.97","91","2","2619","18.1","Zarzaitine Moy","60","4.5 - 5.5"
"765","764.97","107","1","2624","26.4","Zarzaitine Moy","60","4.5 - 5.5"
"766","765.97","99","3","2624","47.1","Zarzaitine Moy","60","4.5 - 5.5"
"767","766.97","98","4","2622","53.1","Zarzaitine Moy","60","4.5 - 5.5"
"768","767.97","99","3","2621","50.5","Zarzaitine Moy","60","4.5 - 5.5"
"769","768.97","103","3","2621","61.7","Zarzaitine Moy","60","4.5 - 5.5"
"770","769.97","94","4","2625","73.3","Zarzaitine Moy","60","4.5 - 5.5"
"771","770.97","100","4","2623","73.3","Zarzaitine Moy","60","4.5 - 5.5"
"772","771.97","94","5","2621","72.1","Zarzaitine Moy","60","4.5 - 5.5"
"773","772.97","97","4","2620","35.7","Zarzaitine Moy","60","4.5 - 5.5"
"774","773.97","116","3","2612","42.9","Zarzaitine Moy","60","4.5 - 5.5"
"775","774.97","111","3","2612","36.4","Zarzaitine Moy","60","4.5 - 5.5"
"776","775.97","101","5","2610","56.3","Zarzaitine Moy","60","4.5 - 5.5"
"777","776.97","98","6","2612","69.2","Zarzaitine Moy","60","4.5 - 5.5"
"778","777.97","104","6","2610","74.2","Zarzaitine Moy","60","4.5 - 5.5"
"779","778.97","102","6","2611","71.1","Zarzaitine Moy","60","4.5 - 5.5"
"780","779.97","106","5","2611","81","Zarzaitine Moy","60","4.5 - 5.5"
"781","780.97","100","7","2613","35.1","Zarzaitine Moy","60","4.5 - 5.5"
"782","781.97","108","4","2613","24.9","Zarzaitine Moy","60","4.5 - 5.5"
"783","782.97","102","4","2617","17.9","Zarzaitine Moy","60","4.5 - 5.5"
"784","783.97","104","3","2646","36","Zarzaitine Moy","60","4.5 - 5.5"
"785","784.97","106","3","2643","42.8","Zarzaitine Moy","60","4.5 - 5.5"
"786","785.97","95","5","2643","61.2","Zarzaitine Moy","60","4.5 - 5.5"
"787","786.97","92","6","2643","59.1","Zarzaitine Moy","60","4.5 - 5.5"
"788","787.97","103","4","2643","47.1","Zarzaitine Moy","60","4.5 - 5.5"
"789","788.97","103","4","2642","53.1","Zarzaitine Moy","60","4.5 - 5.5"
"790","789.97","105","3","2642","56.5","Zarzaitine Moy","60","4.5 - 5.5"
"791","790.97","109","2","2642","59.4","Zarzaitine Moy","60","4.5 - 5.5"
"792","791.97","108","1","2641","27.5","Zarzaitine Moy","60","4.5 - 5.5"
"793","792.97","117","0","2604","48.3","Zarzaitine Moy","60","4.5 - 5.5"
"794","793.97","106","1","2605","104.3","Zarzaitine Moy","60","4.5 - 5.5"
"795","794.97","99","2","2605","132.6","Zarzaitine Moy","60","4.5 - 5.5"
"796","795.97","101","2","2605","50","Zarzaitine Moy","60","4.5 - 5.5"
"797","796.97","100","1","2603","77.6","Zarzaitine Moy","60","4.5 - 5.5"
"798","797.97","84","3","2603","101.8","Zarzaitine Moy","60","4.5 - 5.5"
"799","798.97","78","6","2603","82.1","Zarzaitine Moy","60","4.5 - 5.5"
"800","799.97","77","6","2603","59","Zarzaitine Moy","60","4.5 - 5.5"
"801","800.97","79","6","2605","65.4","Zarzaitine Moy","60","4.5 - 5.5"
"802","801.97","82","3","2590","29.1","Zarzaitine Moy","60","4.5 - 5.5"
"803","802.97","88","3","2578","51.4","Zarzaitine Moy","60","4.5 - 5.5"
"804","803.97","88","3","2578","56.7","Zarzaitine Moy","60","4.5 - 5.5"
"805","804.97","90","3","2578","51","Zarzaitine Moy","60","4.5 - 5.5"
"806","805.97","99","0","2580","36.5","Zarzaitine Moy","60","4.5 - 5.5"
"807","806.97","98","1","2582","21.7","Zarzaitine Moy","60","4.5 - 5.5"
"808","807.97","94","1","2583","36.8","Zarzaitine Moy","60","4.5 - 5.5"
"809","808.97","91","1","2584","47.6","Zarzaitine Moy","60","4.5 - 5.5"
"810","809.97","92","2","2583","38","Zarzaitine Moy","60","4.5 - 5.5"
"811","810.97","91","1","2586","17.3","Zarzaitine Moy","60","4.5 - 5.5"
"812","811.97","100","3","2604","45.7","Zarzaitine Moy","60","4.5 - 5.5"
"813","812.97","115","2","2605","12.4","Zarzaitine Moy","60","4.5 - 5.5"
"814","813.97","100","3","2607","73.7","Zarzaitine Moy","60","4.5 - 5.5"
"815","814.97","109","3","2608","59.4","Zarzaitine Moy","60","4.5 - 5.5"
"816","815.97","130","0","2606","20.9","Zarzaitine Moy","60","4.5 - 5.5"
"817","816.97","124","1","2608","36.8","Zarzaitine Moy","60","4.5 - 5.5"
"818","817.97","106","5","2606","65.7","Zarzaitine Moy","60","4.5 - 5.5"
"819","818.97","114","4","2605","48.3","Zarzaitine Moy","60","4.5 - 5.5"
"820","819.97","121","1","2586","46.9","Zarzaitine Moy","60","4.5 - 5.5"
"821","820.97","86","2","2604","24.1","Zarzaitine Moy","60","4.5 - 5.5"
"822","821.97","91","4","2610","84.9","Zarzaitine Moy","60","4.5 - 5.5"
"823","822.97","107","2","2609","57.2","Zarzaitine Moy","60","4.5 - 5.5"
"824","823.97","97","4","2608","86.4","Zarzaitine Moy","60","4.5 - 5.5"
"825","824.97","110","2","2609","17.8","Zarzaitine Moy","60","4.5 - 5.5"
"826","825.97","91","4","2610","61.9","Zarzaitine Moy","60","4.5 - 5.5"
"827","826.97","113","1","2613","67.4","Zarzaitine Moy","60","4.5 - 5.5"
"828","827.97","115","0","2611","64.9","Zarzaitine Moy","60","4.5 - 5.5"
"829","828.96","112","1","2612","46","Zarzaitine Moy","60","4.5 - 5.5"
"830","829.96","101","1","2610","31.1","Zarzaitine Moy","60","4.5 - 5.5"
"831","830.96","90","6","2606","50.3","Zarzaitine Moy","60","4.5 - 5.5"
"832","831.96","85","8","2606","69.5","Zarzaitine Moy","60","4.5 - 5.5"
"833","832.96","90","7","2606","52.4","Zarzaitine Moy","60","4.5 - 5.5"
"834","833.96","89","7","2607","45.7","Zarzaitine Moy","60","4.5 - 5.5"
"835","834.96","92","6","2608","87.5","Zarzaitine Moy","60","4.5 - 5.5"
"836","835.96","109","3","2607","52.1","Zarzaitine Moy","60","4.5 - 5.5"
"837","836.96","109","2","2606","83.1","Zarzaitine Moy","60","4.5 - 5.5"
"838","837.96","119","1","2607","65.5","Zarzaitine Moy","60","4.5 - 5.5"
"839","838.96","100","3","2609","25.9","Zarzaitine Moy","60","4.5 - 5.5"
"840","839.96","89","5","2619","89.2","Zarzaitine Moy","60","4.5 - 5.5"
"841","840.96","98","4","2616","65.3","Zarzaitine Moy","60","4.5 - 5.5"
"842","841.96","96","4","2615","64.6","Zarzaitine Moy","60","4.5 - 5.5"
"843","842.96","96","5","2616","93.2","Zarzaitine Moy","60","4.5 - 5.5"
"844","843.96","100","4","2617","77.8","Zarzaitine Moy","60","4.5 - 5.5"
"845","844.96","90","6","2618","79","Zarzaitine Moy","60","4.5 - 5.5"
"846","845.96","92","6","2617","77.2","Zarzaitine Moy","60","4.5 - 5.5"
"847","846.96","87","6","2617","88.4","Zarzaitine Moy","60","4.5 - 5.5"
"848","847.96","88","7","2618","83.9","Zarzaitine Moy","60","4.5 - 5.5"
"849","848.96","84","3","2600","33","Zarzaitine Moy","60","4.5 - 5.5"
"850","849.96","76","7","2596","91.1","Zarzaitine Moy","60","4.5 - 5.5"
"851","850.96","78","6","2596","88.1","Zarzaitine Moy","60","4.5 - 5.5"
"852","851.96","94","3","2598","49.6","Zarzaitine Moy","60","4.5 - 5.5"
"853","852.96","94","2","2600","90.3","Zarzaitine Moy","60","4.5 - 5.5"
"854","853.96","89","3","2600","43.3","Zarzaitine Moy","60","4.5 - 5.5"
"855","854.96","88","4","2598","78.7","Zarzaitine Inf","65","5 - 6"
"856","855.96","85","4","2598","57.4","Zarzaitine Inf","65","5 - 6"
"857","856.96","80","6","2598","32.8","Zarzaitine Inf","65","5 - 6"
"858","857.96","82","4","2610","24.5","Zarzaitine Inf","65","5 - 6"
"859","858.96","77","9","2621","63.3","Zarzaitine Inf","65","5 - 6"
"860","859.96","76","10","2620","74.2","Zarzaitine Inf","65","5 - 6"
"861","860.96","76","10","2620","73.2","Zarzaitine Inf","65","5 - 6"
"862","861.96","76","11","2620","76.6","Zarzaitine Inf","65","5 - 6"
"863","862.96","77","10","2619","78.3","Zarzaitine Inf","65","5 - 6"
"864","863.96","79","9","2619","86.9","Zarzaitine Inf","65","5 - 6"
"865","864.96","83","7","2620","85.4","Zarzaitine Inf","65","5 - 6"
"866","865.96","79","8","2619","94.8","Zarzaitine Inf","65","5 - 6"
"867","866.96","78","8","2616","30","Zarzaitine Inf","65","5 - 6"
"868","867.96","74","9","2594","83","Zarzaitine Inf","65","5 - 6"
"869","868.96","90","5","2594","91.1","Zarzaitine Inf","65","5 - 6"
"870","869.96","82","6","2594","73.4","Zarzaitine Inf","65","5 - 6"
"871","870.96","70","10","2593","60.9","Zarzaitine Inf","65","5 - 6"
"872","871.96","70","12","2593","70.1","Zarzaitine Inf","65","5 - 6"
"873","872.96","73","11","2594","70.9","Zarzaitine Inf","65","5 - 6"
"874","873.96","93","4","2594","75.6","Zarzaitine Inf","65","5 - 6"
"875","874.96","77","8","2594","74.6","Zarzaitine Inf","65","5 - 6"
"876","875.96","81","6","2593","106.5","Zarzaitine Inf","65","5 - 6"
"877","876.96","79","6","2605","32.6","Zarzaitine Inf","65","5 - 6"
"878","877.96","85","7","2608","73.7","Zarzaitine Inf","65","5 - 6"
"879","878.96","86","5","2608","85.7","Zarzaitine Inf","65","5 - 6"
"880","879.96","88","7","2607","34.6","Zarzaitine Inf","65","5 - 6"
"881","880.96","79","8","2606","109.9","Zarzaitine Inf","65","5 - 6"
"882","881.96","81","7","2605","129.9","Zarzaitine Inf","65","5 - 6"
"883","882.96","98","4","2607","97.5","Zarzaitine Inf","65","5 - 6"
"884","883.96","96","5","2607","61.4","Zarzaitine Inf","65","5 - 6"
"885","884.96","80","7","2607","20.3","Zarzaitine Inf","65","5 - 6"
"886","885.96","98","5","2598","19.4","Zarzaitine Inf","65","5 - 6"
"887","886.96","88","8","2599","51.2","Zarzaitine Inf","65","5 - 6"
"888","887.96","89","8","2600","34","Zarzaitine Inf","65","5 - 6"
"889","888.96","84","9","2600","34.9","Zarzaitine Inf","65","5 - 6"
"890","889.96","89","8","2599","27.2","Zarzaitine Inf","65","5 - 6"
"891","890.96","82","10","2600","49.3","Zarzaitine Inf","65","5 - 6"
"892","891.96","83","10","2600","37.5","Zarzaitine Inf","65","5 - 6"
"893","892.96","85","10","2599","34.3","Zarzaitine Inf","65","5 - 6"
"894","893.96","86","9","2599","43.2","Zarzaitine Inf","65","5 - 6"
"895","894.96","90","4","2603","10.5","Zarzaitine Inf","65","5 - 6"
"896","895.96","83","6","2604","32.2","Zarzaitine Inf","65","5 - 6"
"897","896.96","96","4","2604","24.5","Zarzaitine Inf","65","5 - 6"
"898","897.96","83","9","2604","63.3","Zarzaitine Inf","65","5 - 6"
"899","898.96","88","9","2605","85.5","Zarzaitine Inf","65","5 - 6"
"900","899.96","88","8","2605","81.1","Zarzaitine Inf","65","5 - 6"
"901","900.96","88","7","2606","94.7","Zarzaitine Inf","65","5 - 6"
"902","901.96","83","9","2606","116.6","Zarzaitine Inf","65","5 - 6"
"903","902.96","88","8","2606","139.5","Zarzaitine Inf","65","5 - 6"
"904","903.96","90","4","2602","21","Zarzaitine Inf","65","5 - 6"
"905","904.96","78","9","2601","88.4","Zarzaitine Inf","65","5 - 6"
"906","905.96","78","9","2599","24.5","Zarzaitine Inf","65","5 - 6"
"907","906.96","78","9","2599","48.5","Zarzaitine Inf","65","5 - 6"
"908","907.96","74","9","2600","86.5","Zarzaitine Inf","65","5 - 6"
"909","908.96","77","8","2598","99.4","Zarzaitine Inf","65","5 - 6"
"910","909.96","76","9","2598","91.9","Zarzaitine Inf","65","5 - 6"
"911","910.96","78","8","2598","86.3","Zarzaitine Inf","65","5 - 6"
"912","911.96","78","9","2600","66.3","Zarzaitine Inf","65","5 - 6"
"913","912.96","82","8","2599","42","Zarzaitine Inf","65","5 - 6"
"914","913.96","73","7","2610","31.9","Zarzaitine Inf","65","5 - 6"
"915","914.96","75","10","2614","76.2","Zarzaitine Inf","65","5 - 6"
"916","915.96","71","11","2615","65","Zarzaitine Inf","65","5 - 6"
"917","916.96","78","9","2615","23.7","Zarzaitine Inf","65","5 - 6"
"918","917.96","76","10","2613","42.7","Zarzaitine Inf","65","5 - 6"
"919","918.96","75","10","2612","70.9","Zarzaitine Inf","65","5 - 6"
"920","919.96","72","12","2612","77.5","Zarzaitine Inf","65","5 - 6"
"921","920.96","75","11","2614","45","Zarzaitine Inf","65","5 - 6"
"922","921.96","86","9","2614","33.9","Zarzaitine Inf","65","5 - 6"
"923","922.96","89","6","2607","25.1","Zarzaitine Inf","65","5 - 6"
"924","923.96","93","5","2593","114.6","Zarzaitine Inf","65","5 - 6"
"925","924.96","96","5","2594","92.9","Zarzaitine Inf","65","5 - 6"
"926","925.96","93","7","2594","115.5","Zarzaitine Inf","65","5 - 6"
"927","926.96","92","7","2593","66.7","Zarzaitine Inf","65","5 - 6"
"928","927.96","87","7","2593","91.1","Zarzaitine Inf","65","5 - 6"
"929","928.96","88","7","2592","104.8","Zarzaitine Inf","65","5 - 6"
"930","929.96","88","7","2592","98.5","Zarzaitine Inf","65","5 - 6"
"931","930.96","87","8","2591","80.8","Zarzaitine Inf","65","5 - 6"
"932","931.96","84","8","2591","24.7","Zarzaitine Inf","65","5 - 6"
"933","932.96","87","7","2601","29.7","Zarzaitine Inf","65","5 - 6"
"934","933.96","86","8","2602","55.8","Zarzaitine Inf","65","5 - 6"
"935","934.96","88","8","2601","68.9","Zarzaitine Inf","65","5 - 6"
"936","935.96","82","10","2601","28.8","Zarzaitine Inf","65","5 - 6"
"937","936.96","86","8","2602","51.8","Zarzaitine Inf","65","5 - 6"
"938","937.96","97","5","2601","60.2","Zarzaitine Inf","65","5 - 6"
"939","938.96","91","6","2602","38.5","Zarzaitine Inf","65","5 - 6"
"940","939.96","83","8","2602","47.4","Zarzaitine Inf","65","5 - 6"
"941","940.95","82","9","2602","65.3","Zarzaitine Inf","65","5 - 6"
"942","941.95","92","6","2600","23.9","Zarzaitine Inf","65","5 - 6"
"943","942.95","85","10","2600","72.7","Zarzaitine Inf","65","5 - 6"
"944","943.95","99","6","2600","66.5","Zarzaitine Inf","65","5 - 6"
"945","944.95","98","5","2599","39.5","Zarzaitine Inf","65","5 - 6"
"946","945.95","93","7","2600","21.4","Zarzaitine Inf","65","5 - 6"
"947","946.95","85","7","2600","108.6","Zarzaitine Inf","65","5 - 6"
"948","947.95","91","6","2600","85.5","Zarzaitine Inf","65","5 - 6"
"949","948.95","86","11","2600","13.6","Zarzaitine Inf","65","5 - 6"
"950","949.95","93","5","2602","73.5","Zarzaitine Inf","65","5 - 6"
"951","950.95","91","4","2600","40.1","Zarzaitine Inf","65","5 - 6"
"952","951.95","79","6","2582","83.3","Zarzaitine Inf","65","5 - 6"
"953","952.95","78","10","2583","16.8","Zarzaitine Inf","65","5 - 6"
"954","953.95","73","9","2584","43.3","Zarzaitine Inf","65","5 - 6"
"955","954.95","75","10","2584","36.9","Zarzaitine Inf","65","5 - 6"
"956","955.95","72","12","2581","54.3","Zarzaitine Inf","65","5 - 6"
"957","956.95","84","9","2580","97.7","Zarzaitine Inf","65","5 - 6"
"958","957.95","81","9","2579","104.8","Zarzaitine Inf","65","5 - 6"
"959","958.95","75","11","2579","55.7","Zarzaitine Inf","65","5 - 6"
"960","959.95","80","10","2580","19.9","Zarzaitine Inf","65","5 - 6"
"961","960.95","74","9","2581","27.7","Zarzaitine Inf","65","5 - 6"
"962","961.95","81","9","2582","28.6","Zarzaitine Inf","65","5 - 6"
"963","962.95","79","10","2581","33.3","Zarzaitine Inf","65","5 - 6"
"964","963.95","72","11","2582","44.8","Zarzaitine Inf","65","5 - 6"
"965","964.95","74","11","2583","61.9","Zarzaitine Inf","65","5 - 6"
"966","965.95","78","9","2583","50.4","Zarzaitine Inf","65","5 - 6"
"967","966.95","74","11","2582","65","Zarzaitine Inf","65","5 - 6"
"968","967.95","74","11","2583","48.7","Zarzaitine Inf","65","5 - 6"
"969","968.95","72","10","2583","72.4","Zarzaitine Inf","65","5 - 6"
"970","969.95","82","7","2588","24.5","Zarzaitine Inf","65","5 - 6"
"971","970.95","91","6","2603","49.3","Zarzaitine Inf","65","5 - 6"
"972","971.95","97","5","2602","68.9","Zarzaitine Inf","65","5 - 6"
"973","972.95","86","7","2602","108.5","Zarzaitine Inf","65","5 - 6"
"974","973.95","92","7","2602","48.3","Zarzaitine Inf","65","5 - 6"
"975","974.95","80","10","2602","39.5","Zarzaitine Inf","65","5 - 6"
"976","975.95","85","8","2601","51","Zarzaitine Inf","65","5 - 6"
"977","976.95","87","7","2603","42.7","Zarzaitine Inf","65","5 - 6"
"978","977.95","92","5","2603","95","Zarzaitine Inf","65","5 - 6"
"979","978.95","96","6","2605","46.2","Zarzaitine Inf","65","5 - 6"
"980","979.95","110","2","2587","24.8","Zarzaitine Inf","65","5 - 6"
"981","980.95","117","4","2581","37.7","Zarzaitine Inf","65","5 - 6"
"982","981.95","117","3","2580","48.3","Zarzaitine Inf","65","5 - 6"
"983","982.95","115","5","2582","37.2","Zarzaitine Inf","65","5 - 6"
"984","983.95","115","5","2582","36.1","Zarzaitine Inf","65","5 - 6"
"985","984.95","118","5","2580","27.5","Zarzaitine Inf","65","5 - 6"
"986","985.95","117","5","2582","15.5","Zarzaitine Inf","65","5 - 6"
"987","986.95","121","7","2583","8.7","Zarzaitine Inf","65","5 - 6"
"988","987.95","126","5","2586","43.5","Zarzaitine Inf","65","5 - 6"
"989","988.95","104","3","2591","12.1","Zarzaitine Inf","65","5 - 6"
"990","989.95","89","3","2595","10.7","Zarzaitine Inf","65","5 - 6"
"991","990.95","88","2","2594","32.9","Zarzaitine Inf","65","5 - 6"
"992","991.95","92","3","2596","22.3","Zarzaitine Inf","65","5 - 6"
"993","992.95","122","2","2596","29.8","Zarzaitine Inf","65","5 - 6"
"994","993.95","114","3","2595","47.3","Zarzaitine Inf","65","5 - 6"
"995","994.95","107","5","2594","39.6","Zarzaitine Inf","65","5 - 6"
"996","995.95","113","5","2595","12","Zarzaitine Inf","65","5 - 6"
"997","996.95","103","6","2593","26.6","Zarzaitine Inf","65","5 - 6"
"998","997.95","110","4","2593","42","Zarzaitine Inf","65","5 - 6"
"999","998.95","93","5","2626","20.7","Zarzaitine Inf","65","5 - 6"
"1000","999.95","97","5","2631","37.7","Zarzaitine Inf","65","5 - 6"
"1001","1000.95","95","5","2629","46.1","Zarzaitine Inf","65","5 - 6"
"1002","1001.95","89","7","2628","41.5","Zarzaitine Inf","65","5 - 6"
"1003","1002.95","97","6","2630","36","Zarzaitine Inf","65","5 - 6"
"1004","1003.95","88","8","2631","53.6","Zarzaitine Inf","65","5 - 6"
"1005","1004.95","92","8","2628","40.2","Zarzaitine Inf","65","5 - 6"
"1006","1005.95","88","8","2628","48.7","Zarzaitine Inf","65","5 - 6"
"1007","1006.95","89","8","2629","49.6","Zarzaitine Inf","65","5 - 6"
"1008","1007.95","90","7","2621","18.8","Zarzaitine Inf","65","5 - 6"
"1009","1008.95","80","4","2324","28.4","Zarzaitine Inf","65","5 - 6"
"1010","1009.95","76","4","2324","33.1","Zarzaitine Inf","65","5 - 6"
"1011","1010.95","76","4","2324","31","Zarzaitine Inf","65","5 - 6"
"1012","1011.95","74","4","2323","40.3","Zarzaitine Inf","65","5 - 6"
"1013","1012.95","76","4","2323","43","Zarzaitine Inf","65","5 - 6"
"1014","1013.95","77","4","2322","45.4","Zarzaitine Inf","65","5 - 6"
"1015","1014.95","79","3","2322","33.4","Zarzaitine Inf","65","5 - 6"
"1016","1015.95","87","3","2322","28.7","Zarzaitine Inf","65","5 - 6"
"1017","1016.95","84","2","2325","23.3","Zarzaitine Inf","65","5 - 6"
"1018","1017.95","83","3","2321","19","Zarzaitine Inf","65","5 - 6"
"1019","1018.95","88","6","2324","33.9","Zarzaitine Inf","65","5 - 6"
"1020","1019.95","91","4","2324","34.5","Zarzaitine Inf","65","5 - 6"
"1021","1020.95","93","4","2324","33.4","Zarzaitine Inf","65","5 - 6"
"1022","1021.95","83","6","2326","24.7","Zarzaitine Inf","65","5 - 6"
"1023","1022.95","83","7","2325","15.5","Zarzaitine Inf","65","5 - 6"
"1024","1023.95","96","4","2324","21.9","Zarzaitine Inf","65","5 - 6"
"1025","1024.95","96","4","2325","21.3","Westphalien-F","78","5,5 - 6"
"1026","1025.95","89","7","2327","8.5","Westphalien-F","78","5,5 - 6"
"1027","1026.95","87","5","2327","8.8","Westphalien-F","78","5,5 - 6"
"1028","1027.95","89","4","2331","20.4","Westphalien-F","78","5,5 - 6"
"1029","1028.95","95","3","2330","9.9","Westphalien-F","78","5,5 - 6"
"1030","1029.95","108","5","2331","37.2","Westphalien-F","78","5,5 - 6"
"1031","1030.95","119","5","2331","33.6","Westphalien-F","78","5,5 - 6"
"1032","1031.95","120","5","2330","25.5","Westphalien-F","78","5,5 - 6"
"1033","1032.95","116","5","2329","44","Westphalien-F","78","5,5 - 6"
"1034","1033.95","116","5","2329","27.5","Westphalien-F","78","5,5 - 6"
"1035","1034.95","119","3","2331","33.7","Westphalien-F","78","5,5 - 6"
"1036","1035.95","99","3","2316","14.5","Westphalien-F","78","5,5 - 6"
"1037","1036.95","96","4","2266","28.6","Westphalien-F","78","5,5 - 6"
"1038","1037.95","90","4","2267","46.8","Westphalien-F","78","5,5 - 6"
"1039","1038.95","120","4","2270","26.2","Westphalien-F","78","5,5 - 6"
"1040","1039.95","116","4","2270","56.8","Westphalien-F","78","5,5 - 6"
"1041","1040.95","114","5","2269","53.1","Westphalien-F","78","5,5 - 6"
"1042","1041.95","111","5","2268","53.2","Westphalien-F","78","5,5 - 6"
"1043","1042.95","114","6","2267","47.8","Westphalien-F","78","5,5 - 6"
"1044","1043.95","119","6","2269","26.6","Westphalien-F","78","5,5 - 6"
"1045","1044.95","121","3","2269","32.4","Westphalien-F","78","5,5 - 6"
"1046","1045.95","112","2","2303","13.8","Westphalien-F","78","5,5 - 6"
"1047","1046.95","102","2","2329","30.4","Westphalien-F","78","5,5 - 6"
"1048","1047.95","102","3","2330","31.6","Westphalien-F","78","5,5 - 6"
"1049","1048.95","99","4","2330","31","Westphalien-F","78","5,5 - 6"
"1050","1049.95","104","2","2329","42.8","Westphalien-F","78","5,5 - 6"
"1051","1050.95","105","2","2329","42.9","Westphalien-F","78","5,5 - 6"
"1052","1051.95","101","3","2328","38.9","Westphalien-F","78","5,5 - 6"
"1053","1052.94","102","3","2328","40.8","Westphalien-F","78","5,5 - 6"
"1054","1053.94","101","2","2327","45.4","Westphalien-F","78","5,5 - 6"
"1055","1054.94","102","2","2311","16.8","Westphalien-F","78","5,5 - 6"
"1056","1055.94","114","2","2305","39.8","Westphalien-F","78","5,5 - 6"
"1057","1056.94","126","1","2305","20.4","Westphalien-F","78","5,5 - 6"
"1058","1057.94","117","1","2308","67.8","Westphalien-F","78","5,5 - 6"
"1059","1058.94","114","2","2307","41.2","Westphalien-F","78","5,5 - 6"
"1060","1059.94","118","2","2306","53.4","Westphalien-F","78","5,5 - 6"
"1061","1060.94","116","1","2305","59","Westphalien-F","78","5,5 - 6"
"1062","1061.94","118","2","2304","49.3","Westphalien-F","78","5,5 - 6"
"1063","1062.94","120","1","2305","93.9","Westphalien-F","78","5,5 - 6"
"1064","1063.94","99","3","2307","20.1","Westphalien-F","78","5,5 - 6"
"1065","1064.94","93","3","2317","46.4","Westphalien-F","78","5,5 - 6"
"1066","1065.94","91","3","2316","61.2","Westphalien-F","78","5,5 - 6"
"1067","1066.94","98","2","2317","47.5","Westphalien-F","78","5,5 - 6"
"1068","1067.94","97","3","2315","48.5","Westphalien-F","78","5,5 - 6"
"1069","1068.94","92","4","2316","20.6","Westphalien-F","78","5,5 - 6"
"1070","1069.94","89","4","2314","19.5","Westphalien-F","78","5,5 - 6"
"1071","1070.94","91","4","2313","19.5","Westphalien-F","78","5,5 - 6"
"1072","1071.94","91","3","2313","19.1","Westphalien-F","78","5,5 - 6"
"1073","1072.94","89","3","2314","13.4","Westphalien-F","78","5,5 - 6"
"1074","1073.94","81","4","2303","23.6","Westphalien-F","78","5,5 - 6"
"1075","1074.94","82","4","2303","23","Westphalien-F","78","5,5 - 6"
"1076","1075.94","76","5","2302","24.9","Westphalien-F","78","5,5 - 6"
"1077","1076.94","85","3","2303","25.3","Westphalien-F","78","5,5 - 6"
"1078","1077.94","88","3","2305","23.8","Westphalien-F","78","5,5 - 6"
"1079","1078.94","83","4","2305","20.3","Westphalien-F","78","5,5 - 6"
"1080","1079.94","89","3","2304","23.7","Westphalien-F","78","5,5 - 6"
"1081","1080.94","88","3","2305","18.1","Westphalien-F","78","5,5 - 6"
"1082","1081.94","80","5","2306","25.2","Westphalien-F","78","5,5 - 6"
"1083","1082.94","91","3","2296","25.7","Westphalien-F","78","5,5 - 6"
"1084","1083.94","96","5","2285","51.2","Westphalien-F","78","5,5 - 6"
"1085","1084.94","111","4","2284","112.4","Westphalien-F","78","5,5 - 6"
"1086","1085.94","111","4","2284","76.6","Westphalien-F","78","5,5 - 6"
"1087","1086.94","117","2","2283","135.6","Westphalien-F","78","5,5 - 6"
"1088","1087.94","112","4","2283","166.9","Westphalien-F","78","5,5 - 6"
"1089","1088.94","105","5","2282","76","Westphalien-F","78","5,5 - 6"
"1090","1089.94","101","5","2283","41","Westphalien-F","78","5,5 - 6"
"1091","1090.94","100","6","2283","57.9","Westphalien-F","78","5,5 - 6"
"1092","1091.94","99","3","2296","16.8","Westphalien-F","78","5,5 - 6"
"1093","1092.94","101","4","2306","33","Westphalien-F","78","5,5 - 6"
"1094","1093.94","98","4","2304","26.9","Westphalien-F","78","5,5 - 6"
"1095","1094.94","100","4","2303","30.1","Westphalien-F","78","5,5 - 6"
"1096","1095.94","99","4","2304","43.8","Westphalien-F","78","5,5 - 6"
"1097","1096.94","93","6","2303","45.6","Westphalien-F","78","5,5 - 6"
"1098","1097.94","95","5","2304","54.2","Westphalien-F","78","5,5 - 6"
"1099","1098.94","93","6","2304","45.1","Westphalien-F","78","5,5 - 6"
"1100","1099.94","90","6","2304","47.1","Westphalien-F","78","5,5 - 6"
"1101","1100.94","89","7","2302","23.1","Westphalien-F","78","5,5 - 6"
"1102","1101.94","103","3","2283","39.6","Westphalien-F","78","5,5 - 6"
"1103","1102.94","109","3","2284","45.5","Westphalien-F","78","5,5 - 6"
"1104","1103.94","116","2","2286","52.3","Westphalien-F","78","5,5 - 6"
"1105","1104.94","102","5","2285","47.8","Westphalien-F","78","5,5 - 6"
"1106","1105.94","107","4","2285","53.5","Westphalien-F","78","5,5 - 6"
"1107","1106.94","110","4","2287","48.6","Westphalien-F","78","5,5 - 6"
"1108","1107.94","99","6","2286","59.4","Westphalien-F","78","5,5 - 6"
"1109","1108.94","101","7","2287","61.1","Westphalien-F","78","5,5 - 6"
"1110","1109.94","117","4","2285","101.4","Westphalien-F","78","5,5 - 6"
"1111","1110.94","116","2","2296","24.3","Westphalien-F","78","5,5 - 6"
"1112","1111.94","120","0","2322","98.9","Westphalien-F","78","5,5 - 6"
"1113","1112.94","108","3","2321","28.3","Westphalien-F","78","5,5 - 6"
"1114","1113.94","103","4","2319","27.2","Westphalien-F","78","5,5 - 6"
"1115","1114.94","113","3","2321","24.4","Westphalien-F","78","5,5 - 6"
"1116","1115.94","104","4","2320","37.2","Westphalien-F","78","5,5 - 6"
"1117","1116.94","109","3","2320","34.3","Westphalien-F","78","5,5 - 6"
"1118","1117.94","109","3","2318","34.8","Westphalien-F","78","5,5 - 6"
"1119","1118.94","109","3","2319","38","Westphalien-F","78","5,5 - 6"
"1120","1119.94","95","4","2319","17","Westphalien-F","78","5,5 - 6"
"1121","1120.94","84","7","2316","50.1","Westphalien-F","78","5,5 - 6"
"1122","1121.94","79","9","2314","43.5","Westphalien-F","78","5,5 - 6"
"1123","1122.94","84","7","2316","50.1","Westphalien-F","78","5,5 - 6"
"1124","1123.94","82","8","2317","58.4","Westphalien-F","78","5,5 - 6"
"1125","1124.94","80","8","2315","40.1","Westphalien-F","78","5,5 - 6"
"1126","1125.94","81","8","2316","39.7","Westphalien-F","78","5,5 - 6"
"1127","1126.94","81","8","2317","40.8","Westphalien-F","78","5,5 - 6"
"1128","1127.94","80","8","2317","41.8","Westphalien-F","78","5,5 - 6"
"1129","1128.94","79","9","2317","47.9","Westphalien-F","78","5,5 - 6"
"1130","1129.94","79","7","2318","25","Westphalien-F","78","5,5 - 6"
"1131","1130.94","89","9","2319","19.2","Westphalien-F","78","5,5 - 6"
"1132","1131.94","83","11","2317","31.2","Westphalien-F","78","5,5 - 6"
"1133","1132.94","85","11","2318","40.8","Westphalien-F","78","5,5 - 6"
"1134","1133.94","88","10","2318","41.6","Westphalien-F","78","5,5 - 6"
"1135","1134.94","87","9","2317","49.4","Westphalien-F","78","5,5 - 6"
"1136","1135.94","85","11","2317","46.7","Westphalien-F","78","5,5 - 6"
"1137","1136.94","95","8","2320","28.2","Westphalien-F","78","5,5 - 6"
"1138","1137.94","90","9","2320","54.4","Westphalien-F","78","5,5 - 6"
"1139","1138.94","88","6","2251","40","Westphalien-F","78","5,5 - 6"
"1140","1139.94","84","9","2087","84","Westphalien-F","78","5,5 - 6"
"1141","1140.94","83","10","2086","69","Westphalien-F","78","5,5 - 6"
"1142","1141.94","84","9","2085","83.8","Westphalien-F","78","5,5 - 6"
"1143","1142.94","109","4","2228","15.6","Westphalien-F","78","5,5 - 6"
"1144","1143.94","87","10","2217","36.8","Westphalien-F","78","5,5 - 6"
"1145","1144.94","91","11","2218","10.8","Westphalien-F","78","5,5 - 6"
"1146","1145.94","92","12","2220","9","Westphalien-F","78","5,5 - 6"
"1147","1146.94","91","11","2224","10.1","Westphalien-F","78","5,5 - 6"
"1148","1147.94","83","9","2225","23","Westphalien-F","78","5,5 - 6"
"1149","1148.94","87","9","2212","35","Westphalien-F","78","5,5 - 6"
"1150","1149.94","82","12","2212","32.9","Westphalien-F","78","5,5 - 6"
"1151","1150.94","86","11","2211","21.9","Westphalien-F","78","5,5 - 6"
"1152","1151.94","85","11","2213","25.3","Westphalien-Namurien-E","80","5,5 - 6,5"
"1153","1152.94","94","9","2213","11.7","Westphalien-Namurien-E","80","5,5 - 6,5"
"1154","1153.94","95","8","2213","9.7","Westphalien-Namurien-E","80","5,5 - 6,5"
"1155","1154.94","94","8","2212","16.6","Westphalien-Namurien-E","80","5,5 - 6,5"
"1156","1155.94","90","6","2212","32.9","Westphalien-Namurien-E","80","5,5 - 6,5"
"1157","1156.94","89","7","2212","41.7","Westphalien-Namurien-E","80","5,5 - 6,5"
"1158","1157.94","93","6","2212","11.1","Westphalien-Namurien-E","80","5,5 - 6,5"
"1159","1158.94","86","9","2217","9.3","Westphalien-Namurien-E","80","5,5 - 6,5"
"1160","1159.94","88","8","2220","8","Westphalien-Namurien-E","80","5,5 - 6,5"
"1161","1160.94","88","8","2221","38.5","Westphalien-Namurien-E","80","5,5 - 6,5"
"1162","1161.94","82","10","2220","56.8","Westphalien-Namurien-E","80","5,5 - 6,5"
"1163","1162.94","82","10","2223","54.5","Westphalien-Namurien-E","80","5,5 - 6,5"
"1164","1163.94","81","11","2223","31","Westphalien-Namurien-E","80","5,5 - 6,5"
"1165","1164.93","84","10","2222","29.5","Westphalien-Namurien-E","80","5,5 - 6,5"
"1166","1165.93","79","11","2222","43.9","Westphalien-Namurien-E","80","5,5 - 6,5"
"1167","1166.93","75","7","2217","19.2","Westphalien-Namurien-E","80","5,5 - 6,5"
"1168","1167.93","66","8","2214","10.3","Westphalien-Namurien-E","80","5,5 - 6,5"
"1169","1168.93","75","8","2217","14.6","Westphalien-Namurien-E","80","5,5 - 6,5"
"1170","1169.93","79","10","2217","11.7","Westphalien-Namurien-E","80","5,5 - 6,5"
"1171","1170.93","82","8","2218","10.9","Westphalien-Namurien-E","80","5,5 - 6,5"
"1172","1171.93","86","7","2219","10.5","Westphalien-Namurien-E","80","5,5 - 6,5"
"1173","1172.93","84","6","2219","27.3","Westphalien-Namurien-E","80","5,5 - 6,5"
"1174","1173.93","83","5","2218","33.3","Westphalien-Namurien-E","80","5,5 - 6,5"
"1175","1174.93","80","6","2219","44.7","Westphalien-Namurien-E","80","5,5 - 6,5"
"1176","1175.93","81","5","2219","32.9","Westphalien-Namurien-E","80","5,5 - 6,5"
"1177","1176.93","83","6","2204","9.1","Westphalien-Namurien-E","80","5,5 - 6,5"
"1178","1177.93","78","8","2198","21.3","Westphalien-Namurien-E","80","5,5 - 6,5"
"1179","1178.93","79","8","2198","23.4","Westphalien-Namurien-E","80","5,5 - 6,5"
"1180","1179.93","81","6","2199","30.8","Westphalien-Namurien-E","80","5,5 - 6,5"
"1181","1180.93","80","7","2197","30.1","Westphalien-Namurien-E","80","5,5 - 6,5"
"1182","1181.93","80","7","2196","29.6","Westphalien-Namurien-E","80","5,5 - 6,5"
"1183","1182.93","87","5","2195","21.4","Westphalien-Namurien-E","80","5,5 - 6,5"
"1184","1183.93","81","7","2195","25","Westphalien-Namurien-E","80","5,5 - 6,5"
"1185","1184.93","75","9","2193","37","Westphalien-Namurien-E","80","5,5 - 6,5"
"1186","1185.93","85","6","2199","13.9","Westphalien-Namurien-E","80","5,5 - 6,5"
"1187","1186.93","88","10","2209","20.8","Westphalien-Namurien-E","80","5,5 - 6,5"
"1188","1187.93","83","11","2210","23.3","Westphalien-Namurien-E","80","5,5 - 6,5"
"1189","1188.93","87","12","2211","9.7","Westphalien-Namurien-E","80","5,5 - 6,5"
"1190","1189.93","85","10","2212","27.7","Westphalien-Namurien-E","80","5,5 - 6,5"
"1191","1190.93","86","10","2212","31.6","Westphalien-Namurien-E","80","5,5 - 6,5"
"1192","1191.93","84","11","2212","37.9","Westphalien-Namurien-E","80","5,5 - 6,5"
"1193","1192.93","85","10","2211","39.7","Westphalien-Namurien-E","80","5,5 - 6,5"
"1194","1193.93","82","12","2211","48.4","Westphalien-Namurien-E","80","5,5 - 6,5"
"1195","1194.93","85","11","2211","53.5","Westphalien-Namurien-E","80","5,5 - 6,5"
"1196","1195.93","82","8","2203","21.4","Westphalien-Namurien-E","80","5,5 - 6,5"
"1197","1196.93","83","9","2201","41.4","Westphalien-Namurien-E","80","5,5 - 6,5"
"1198","1197.93","83","9","2202","39.2","Westphalien-Namurien-E","80","5,5 - 6,5"
"1199","1198.93","83","10","2202","44.4","Westphalien-Namurien-E","80","5,5 - 6,5"
"1200","1199.93","83","10","2201","48.2","Westphalien-Namurien-E","80","5,5 - 6,5"
"1201","1200.93","85","10","2202","41.6","Westphalien-Namurien-E","80","5,5 - 6,5"
"1202","1201.93","83","10","2204","49.6","Westphalien-Namurien-E","80","5,5 - 6,5"
"1203","1202.93","88","12","2205","7.4","Westphalien-Namurien-E","80","5,5 - 6,5"
"1204","1203.93","87","10","2207","14.8","Westphalien-Namurien-E","80","5,5 - 6,5"
"1205","1204.93","86","7","2205","17.4","Westphalien-Namurien-E","80","5,5 - 6,5"
"1206","1205.93","89","9","2203","21.8","Westphalien-Namurien-E","80","5,5 - 6,5"
"1207","1206.93","88","8","2205","18.9","Westphalien-Namurien-E","80","5,5 - 6,5"
"1208","1207.93","87","9","2208","13.6","Westphalien-Namurien-E","80","5,5 - 6,5"
"1209","1208.93","83","10","2207","27.3","Westphalien-Namurien-E","80","5,5 - 6,5"
"1210","1209.93","80","11","2206","45.9","Westphalien-Namurien-E","80","5,5 - 6,5"
"1211","1210.93","82","11","2206","21.6","Westphalien-Namurien-E","80","5,5 - 6,5"
"1212","1211.93","84","10","2206","20.5","Westphalien-Namurien-E","80","5,5 - 6,5"
"1213","1212.93","88","11","2207","9.3","Westphalien-Namurien-E","80","5,5 - 6,5"
"1214","1213.93","89","5","2209","16.6","Westphalien-Namurien-E","80","5,5 - 6,5"
"1215","1214.93","89","5","2214","35.8","Westphalien-Namurien-E","80","5,5 - 6,5"
"1216","1215.93","89","9","2213","30.8","Westphalien-Namurien-E","80","5,5 - 6,5"
"1217","1216.93","87","12","2215","12.4","Westphalien-Namurien-E","80","5,5 - 6,5"
"1218","1217.93","85","11","2216","27.2","Westphalien-Namurien-E","80","5,5 - 6,5"
"1219","1218.93","82","11","2215","46.9","Westphalien-Namurien-E","80","5,5 - 6,5"
"1220","1219.93","82","12","2215","52.1","Westphalien-Namurien-E","80","5,5 - 6,5"
"1221","1220.93","81","12","2214","34.8","Westphalien-Namurien-E","80","5,5 - 6,5"
"1222","1221.93","86","11","2215","26.2","Westphalien-Namurien-E","80","5,5 - 6,5"
"1223","1222.93","87","9","2215","20.8","Westphalien-Namurien-E","80","5,5 - 6,5"
"1224","1223.93","89","8","2203","28.4","Westphalien-Namurien-E","80","5,5 - 6,5"
"1225","1224.93","84","9","2201","43.2","Westphalien-Namurien-E","80","5,5 - 6,5"
"1226","1225.93","84","11","2200","61.9","Westphalien-Namurien-E","80","5,5 - 6,5"
"1227","1226.93","81","12","2200","46.1","Westphalien-Namurien-E","80","5,5 - 6,5"
"1228","1227.93","87","11","2202","22.6","Westphalien-Namurien-E","80","5,5 - 6,5"
"1229","1228.93","90","9","2204","19.1","Westphalien-Namurien-E","80","5,5 - 6,5"
"1230","1229.93","89","9","2203","19.2","Westphalien-Namurien-E","80","5,5 - 6,5"
"1231","1230.93","88","10","2204","19.9","Westphalien-Namurien-E","80","5,5 - 6,5"
"1232","1231.93","97","7","2204","21","Westphalien-Namurien-E","80","5,5 - 6,5"
"1233","1232.93","80","7","2198","18.1","Westphalien-Namurien-E","80","5,5 - 6,5"
"1234","1233.93","83","8","2194","30.3","Westphalien-Namurien-E","80","5,5 - 6,5"
"1235","1234.93","82","9","2193","34.4","Westphalien-Namurien-E","80","5,5 - 6,5"
"1236","1235.93","80","9","2194","39.6","Westphalien-Namurien-E","80","5,5 - 6,5"
"1237","1236.93","85","7","2194","38.5","Westphalien-Namurien-E","80","5,5 - 6,5"
"1238","1237.93","77","10","2192","44.6","Westphalien-Namurien-E","80","5,5 - 6,5"
"1239","1238.93","82","9","2191","29.4","Westphalien-Namurien-E","80","5,5 - 6,5"
"1240","1239.93","91","7","2191","21","Westphalien-Namurien-E","80","5,5 - 6,5"
"1241","1240.93","85","10","2191","35.8","Westphalien-Namurien-E","80","5,5 - 6,5"
"1242","1241.93","83","11","2190","53.5","Westphalien-Namurien-E","80","5,5 - 6,5"
"1243","1242.93","96","6","2193","22.3","Westphalien-Namurien-E","80","5,5 - 6,5"
"1244","1243.93","104","5","2195","21.5","Westphalien-Namurien-E","80","5,5 - 6,5"
"1245","1244.93","95","11","2193","27.9","Westphalien-Namurien-E","80","5,5 - 6,5"
"1246","1245.93","110","8","2194","16.4","Westphalien-Namurien-E","80","5,5 - 6,5"
"1247","1246.93","109","7","2213","16.1","Westphalien-Namurien-E","80","5,5 - 6,5"
"1248","1247.93","119","4","2221","15.4","Westphalien-Namurien-E","80","5,5 - 6,5"
"1249","1248.93","121","5","2220","22.9","Westphalien-Namurien-E","80","5,5 - 6,5"
"1250","1249.93","107","7","2220","38.5","Westphalien-Namurien-E","80","5,5 - 6,5"
"1251","1250.93","99","6","2218","17.3","Westphalien-Namurien-E","80","5,5 - 6,5"
"1252","1251.93","78","5","2210","15.2","Westphalien-Namurien-E","80","5,5 - 6,5"
"1253","1252.93","76","6","2207","12.5","Westphalien-Namurien-E","80","5,5 - 6,5"
"1254","1253.93","78","5","2207","12.2","Westphalien-Namurien-E","80","5,5 - 6,5"
"1255","1254.93","76","6","2206","8.4","Westphalien-Namurien-E","80","5,5 - 6,5"
"1256","1255.93","73","8","2210","15.3","Westphalien-Namurien-E","80","5,5 - 6,5"
"1257","1256.93","84","11","2211","6.1","Westphalien-Namurien-E","80","5,5 - 6,5"
"1258","1257.93","90","8","2207","10.2","Westphalien-Namurien-E","80","5,5 - 6,5"
"1259","1258.93","91","6","2207","19.9","Westphalien-Namurien-E","80","5,5 - 6,5"
"1260","1259.93","81","9","2207","43.5","Westphalien-Namurien-E","80","5,5 - 6,5"
"1261","1260.93","90","7","2192","10.1","Westphalien-Namurien-E","80","5,5 - 6,5"
"1262","1261.93","98","7","2181","18.3","Westphalien-Namurien-E","80","5,5 - 6,5"
"1263","1262.93","94","9","2181","11.4","Westphalien-Namurien-E","80","5,5 - 6,5"
"1264","1263.93","90","9","2180","19","Westphalien-Namurien-E","80","5,5 - 6,5"
"1265","1264.93","94","10","2180","15","Westphalien-Namurien-E","80","5,5 - 6,5"
"1266","1265.93","94","8","2179","27.4","Westphalien-Namurien-E","80","5,5 - 6,5"
"1267","1266.93","89","9","2178","40.1","Westphalien-Namurien-E","80","5,5 - 6,5"
"1268","1267.93","93","8","2178","33.1","Westphalien-Namurien-E","80","5,5 - 6,5"
"1269","1268.93","91","9","2178","29.2","Westphalien-Namurien-E","80","5,5 - 6,5"
"1270","1269.93","96","5","2177","15.1","Westphalien-Namurien-E","80","5,5 - 6,5"
"1271","1270.93","98","6","2174","42.9","Westphalien-Namurien-E","80","5,5 - 6,5"
"1272","1271.93","108","6","2174","21.3","Westphalien-Namurien-E","80","5,5 - 6,5"
"1273","1272.93","96","9","2173","37.1","Westphalien-Namurien-E","80","5,5 - 6,5"
"1274","1273.93","93","10","2172","46","Westphalien-Namurien-E","80","5,5 - 6,5"
"1275","1274.93","94","9","2172","52.4","Westphalien-Namurien-E","80","5,5 - 6,5"
"1276","1275.93","91","10","2172","55.2","Westphalien-Namurien-E","80","5,5 - 6,5"
"1277","1276.92","95","9","2173","52.1","Westphalien-Namurien-E","80","5,5 - 6,5"
"1278","1277.92","93","11","2173","67","Westphalien-Namurien-E","80","5,5 - 6,5"
"1279","1278.92","92","8","2174","34","Westphalien-Namurien-E","80","5,5 - 6,5"
"1280","1279.92","72","8","2197","36.3","Westphalien-Namurien-E","80","5,5 - 6,5"
"1281","1280.92","76","7","2196","17","Westphalien-Namurien-E","80","5,5 - 6,5"
"1282","1281.92","73","8","2194","36.6","Westphalien-Namurien-E","80","5,5 - 6,5"
"1283","1282.92","70","9","2194","28.1","Westphalien-Namurien-E","80","5,5 - 6,5"
"1284","1283.92","72","8","2193","36","Westphalien-Namurien-E","80","5,5 - 6,5"
"1285","1284.92","87","6","2193","10","Westphalien-Namurien-E","80","5,5 - 6,5"
"1286","1285.92","88","4","2196","16.5","Westphalien-Namurien-E","80","5,5 - 6,5"
"1287","1286.92","85","5","2199","13.5","Westphalien-Namurien-E","80","5,5 - 6,5"
"1288","1287.92","90","5","2201","9.7","Westphalien-Namurien-E","80","5,5 - 6,5"
"1289","1288.92","91","4","2216","16.2","Westphalien-Namurien-E","80","5,5 - 6,5"
"1290","1289.92","86","8","2220","37.7","Westphalien-Namurien-E","80","5,5 - 6,5"
"1291","1290.92","82","9","2220","36.3","Westphalien-Namurien-E","80","5,5 - 6,5"
"1292","1291.92","84","9","2219","40.7","Westphalien-Namurien-E","80","5,5 - 6,5"
"1293","1292.92","91","8","2219","23","Westphalien-Namurien-E","80","5,5 - 6,5"
"1294","1293.92","91","8","2219","21.8","Westphalien-Namurien-E","80","5,5 - 6,5"
"1295","1294.92","93","8","2219","15.7","Westphalien-Namurien-E","80","5,5 - 6,5"
"1296","1295.92","94","9","2221","7.8","Westphalien-Namurien-E","80","5,5 - 6,5"
"1297","1296.92","98","6","2221","19.2","Westphalien-Namurien-E","80","5,5 - 6,5"
"1298","1297.92","92","6","2196","13.6","Westphalien-Namurien-E","80","5,5 - 6,5"
"1299","1298.92","93","6","2173","23.8","Westphalien-Namurien-E","80","5,5 - 6,5"
"1300","1299.92","97","6","2173","23.7","Westphalien-Namurien-E","80","5,5 - 6,5"
"1301","1300.92","96","6","2171","20.8","Westphalien-Namurien-E","80","5,5 - 6,5"
"1302","1301.92","89","8","2169","33.1","Westphalien-Namurien-E","80","5,5 - 6,5"
"1303","1302.92","104","6","2171","11.5","Westphalien-Namurien-E","80","5,5 - 6,5"
"1304","1303.92","90","8","2171","35","Westphalien-Namurien-E","80","5,5 - 6,5"
"1305","1304.92","100","5","2170","18.4","Namurien-D","82","6 - 6,5"
"1306","1305.92","105","6","2172","5.8","Namurien-D","82","6 - 6,5"
"1307","1306.92","96","5","2177","17.4","Namurien-D","82","6 - 6,5"
"1308","1307.92","103","5","2213","23.8","Namurien-D","82","6 - 6,5"
"1309","1308.92","100","8","2212","26.7","Namurien-D","82","6 - 6,5"
"1310","1309.92","106","7","2213","10.8","Namurien-D","82","6 - 6,5"
"1311","1310.92","115","5","2215","14.2","Namurien-D","82","6 - 6,5"
"1312","1311.92","105","10","2215","5.8","Namurien-D","82","6 - 6,5"
"1313","1312.92","100","9","2215","19.5","Namurien-D","82","6 - 6,5"
"1314","1313.92","103","8","2215","15.2","Namurien-D","82","6 - 6,5"
"1315","1314.92","99","8","2214","39.3","Namurien-D","82","6 - 6,5"
"1316","1315.92","106","6","2214","25.2","Namurien-D","82","6 - 6,5"
"1317","1316.92","96","6","2212","23.6","Namurien-D","82","6 - 6,5"
"1318","1317.92","89","9","2209","19.7","Namurien-D","82","6 - 6,5"
"1319","1318.92","93","10","2208","8.7","Namurien-D","82","6 - 6,5"
"1320","1319.92","89","9","2213","11.6","Namurien-D","82","6 - 6,5"
"1321","1320.92","88","9","2213","25.8","Namurien-D","82","6 - 6,5"
"1322","1321.92","88","10","2213","17.2","Namurien-D","82","6 - 6,5"
"1323","1322.92","89","9","2213","14.3","Namurien-D","82","6 - 6,5"
"1324","1323.92","93","6","2213","29.6","Namurien-D","82","6 - 6,5"
"1325","1324.92","96","5","2212","27.9","Namurien-D","82","6 - 6,5"
"1326","1325.92","82","4","2217","19.5","Namurien-D","82","6 - 6,5"
"1327","1326.92","76","5","2226","31.4","Namurien-D","82","6 - 6,5"
"1328","1327.92","77","7","2225","32.8","Namurien-D","82","6 - 6,5"
"1329","1328.92","73","8","2225","42.9","Namurien-D","82","6 - 6,5"
"1330","1329.92","73","8","2228","40.8","Namurien-D","82","6 - 6,5"
"1331","1330.92","74","8","2231","35.9","Namurien-D","82","6 - 6,5"
"1332","1331.92","74","8","2232","33.9","Namurien-D","82","6 - 6,5"
"1333","1332.92","74","7","2229","24","Namurien-D","82","6 - 6,5"
"1334","1333.92","73","9","2227","22.9","Namurien-D","82","6 - 6,5"
"1335","1334.92","88","8","2229","7.6","Namurien-D","82","6 - 6,5"
"1336","1335.92","107","7","2233","13","Namurien-D","82","6 - 6,5"
"1337","1336.92","103","9","2235","11.9","Namurien-D","82","6 - 6,5"
"1338","1337.92","105","10","2238","7.2","Namurien-D","82","6 - 6,5"
"1339","1338.92","112","7","2239","5.7","Namurien-D","82","6 - 6,5"
"1340","1339.92","110","7","2238","11.2","Namurien-D","82","6 - 6,5"
"1341","1340.92","109","9","2239","4.3","Namurien-D","82","6 - 6,5"
"1342","1341.92","110","9","2240","2.6","Namurien-D","82","6 - 6,5"
"1343","1342.92","119","6","2235","5.9","Namurien-D","82","6 - 6,5"
"1344","1343.92","111","4","2220","4.5","Namurien-D","82","6 - 6,5"
"1345","1344.92","85","10","2212","21.9","Namurien-D","82","6 - 6,5"
"1346","1345.92","84","11","2212","22.2","Namurien-D","82","6 - 6,5"
"1347","1346.92","84","10","2211","27.1","Namurien-D","82","6 - 6,5"
"1348","1347.92","84","11","2211","22.1","Namurien-D","82","6 - 6,5"
"1349","1348.92","84","11","2210","18.5","Namurien-D","82","6 - 6,5"
"1350","1349.92","88","10","2211","12.8","Namurien-D","82","6 - 6,5"
"1351","1350.92","88","10","2210","13.2","Namurien-D","82","6 - 6,5"
"1352","1351.92","89","10","2210","12.3","Namurien-D","82","6 - 6,5"
"1353","1352.92","90","11","2210","7.6","Namurien-D","82","6 - 6,5"
"1354","1353.92","90","11","2220","11.6","Namurien-D","82","6 - 6,5"
"1355","1354.92","88","12","2219","11","Namurien-D","82","6 - 6,5"
"1356","1355.92","87","13","2218","11.8","Namurien-D","82","6 - 6,5"
"1357","1356.92","90","12","2221","8.5","Namurien-D","82","6 - 6,5"
"1358","1357.92","96","9","2218","7.9","Namurien-D","82","6 - 6,5"
"1359","1358.92","88","11","2217","12.6","Namurien-D","82","6 - 6,5"
"1360","1359.92","93","10","2219","7.7","Namurien-D","82","6 - 6,5"
"1361","1360.92","92","10","2219","10.5","Namurien-D","82","6 - 6,5"
"1362","1361.92","93","10","2217","15.3","Namurien-D","82","6 - 6,5"
"1363","1362.92","89","7","2216","10.3","Namurien-D","82","6 - 6,5"
"1364","1363.92","81","11","2212","14.8","Namurien-D","82","6 - 6,5"
"1365","1364.92","87","10","2213","10.9","Namurien-D","82","6 - 6,5"
"1366","1365.92","87","9","2214","11.7","Namurien-D","82","6 - 6,5"
"1367","1366.92","85","9","2214","16.4","Namurien-D","82","6 - 6,5"
"1368","1367.92","89","10","2213","5.2","Namurien-D","82","6 - 6,5"
"1369","1368.92","83","9","2213","21","Namurien-D","82","6 - 6,5"
"1370","1369.92","86","10","2214","10","Namurien-D","82","6 - 6,5"
"1371","1370.92","86","9","2215","13.4","Namurien-D","82","6 - 6,5"
"1372","1371.92","84","9","2216","10","Namurien-D","82","6 - 6,5"
"1373","1372.92","94","9","2357","12.9","Namurien-D","82","6 - 6,5"
"1374","1373.92","91","11","2404","11.9","Namurien-D","82","6 - 6,5"
"1375","1374.92","95","11","2404","10.4","Namurien-D","82","6 - 6,5"
"1376","1375.92","95","10","2403","6.9","Namurien-D","82","6 - 6,5"
"1377","1376.92","106","6","2404","14.2","Namurien-D","82","6 - 6,5"
"1378","1377.92","106","6","2405","14.1","Namurien-D","82","6 - 6,5"
"1379","1378.92","111","7","2405","19.2","Namurien-D","82","6 - 6,5"
"1380","1379.92","106","7","2405","24.2","Namurien-D","82","6 - 6,5"
"1381","1380.92","108","7","2405","19.6","Namurien-D","82","6 - 6,5"
"1382","1381.92","107","6","2402","8.4","Namurien-D","82","6 - 6,5"
"1383","1382.92","103","7","2398","8.2","Namurien-D","82","6 - 6,5"
"1384","1383.92","109","6","2397","14.5","Namurien-D","82","6 - 6,5"
"1385","1384.92","109","7","2397","9.5","Namurien-D","82","6 - 6,5"
"1386","1385.92","106","8","2403","8.4","Namurien-D","82","6 - 6,5"
"1387","1386.92","124","6","2402","6.4","Namurien-D","82","6 - 6,5"
"1388","1387.92","124","6","2403","14.5","Namurien-D","82","6 - 6,5"
"1389","1388.91","121","7","2405","11.5","Namurien-D","82","6 - 6,5"
"1390","1389.91","117","6","2407","11.6","Namurien-D","82","6 - 6,5"
"1391","1390.91","112","6","2406","5.7","Namurien-D","82","6 - 6,5"
"1392","1391.91","96","12","2397","6.9","Namurien-D","82","6 - 6,5"
"1393","1392.91","99","12","2409","6.4","Namurien-D","82","6 - 6,5"
"1394","1393.91","96","12","2408","8.4","Namurien-D","82","6 - 6,5"
"1395","1394.91","92","12","2407","20.7","Namurien-D","82","6 - 6,5"
"1396","1395.91","91","11","2407","34","Namurien-D","82","6 - 6,5"
"1397","1396.91","91","11","2407","29.4","Namurien-D","82","6 - 6,5"
"1398","1397.91","91","11","2407","35.3","Namurien-D","82","6 - 6,5"
"1399","1398.91","90","11","2406","38.1","Namurien-D","82","6 - 6,5"
"1400","1399.91","89","12","2405","41.9","Namurien-D","82","6 - 6,5"
"1401","1400.91","100","6","2405","13.7","Namurien-D","82","6 - 6,5"
"1402","1401.91","88","9","2403","29.7","Namurien-D","82","6 - 6,5"
"1403","1402.91","85","10","2404","39.5","Namurien-D","82","6 - 6,5"
"1404","1403.91","88","9","2405","30.4","Namurien-D","82","6 - 6,5"
"1405","1404.91","89","9","2405","30.7","Namurien-D","82","6 - 6,5"
"1406","1405.91","89","9","2401","31.5","Namurien-D","82","6 - 6,5"
"1407","1406.91","85","11","2401","35.1","Namurien-D","82","6 - 6,5"
"1408","1407.91","85","11","2401","36.4","Namurien-D","82","6 - 6,5"
"1409","1408.91","82","12","2400","39.7","Namurien-D","82","6 - 6,5"
"1410","1409.91","82","10","2403","26.7","Namurien-D","82","6 - 6,5"
"1411","1410.91","86","11","2409","36.5","Namurien-D","82","6 - 6,5"
"1412","1411.91","83","12","2408","42.5","Namurien-D","82","6 - 6,5"
"1413","1412.91","84","10","2409","41.4","Namurien-D","82","6 - 6,5"
"1414","1413.91","83","12","2409","41.8","Namurien-D","82","6 - 6,5"
"1415","1414.91","83","12","2409","41.4","Namurien-D","82","6 - 6,5"
"1416","1415.91","83","12","2408","40.8","Namurien-D","82","6 - 6,5"
"1417","1416.91","82","12","2408","42.2","Namurien-D","82","6 - 6,5"
"1418","1417.91","83","11","2408","44.4","Namurien-D","82","6 - 6,5"
"1419","1418.91","83","12","2409","33.4","Namurien-D","82","6 - 6,5"
"1420","1419.91","93","5","2488","19.5","Namurien-D","82","6 - 6,5"
"1421","1420.91","95","6","2504","31.6","Namurien-D","82","6 - 6,5"
"1422","1421.91","96","7","2504","31.3","Namurien-D","82","6 - 6,5"
"1423","1422.91","100","7","2504","22.3","Namurien-D","82","6 - 6,5"
"1424","1423.91","91","8","2497","16.3","Namurien-D","82","6 - 6,5"
"1425","1424.91","103","4","2473","15.9","Namurien-D","82","6 - 6,5"
"1426","1425.91","98","5","2471","12.6","Namurien-D","82","6 - 6,5"
"1427","1426.91","99","5","2471","11.9","Namurien-D","82","6 - 6,5"
"1428","1427.91","105","3","2473","10","Namurien-D","82","6 - 6,5"
"1429","1428.91","94","5","2476","11.4","Namurien-D","82","6 - 6,5"
"1430","1429.91","89","8","2477","29.3","Namurien-D","82","6 - 6,5"
"1431","1430.91","86","9","2480","31.6","Namurien-D","82","6 - 6,5"
"1432","1431.91","84","9","2481","35.4","Namurien-D","82","6 - 6,5"
"1433","1432.91","85","9","2481","32.6","Namurien-D","82","6 - 6,5"
"1434","1433.91","86","9","2479","31.3","Namurien-D","82","6 - 6,5"
"1435","1434.91","87","9","2480","31.7","Namurien-D","82","6 - 6,5"
"1436","1435.91","88","9","2482","34.1","Namurien-D","82","6 - 6,5"
"1437","1436.91","92","7","2479","28.4","Namurien-D","82","6 - 6,5"
"1438","1437.91","88","6","2492","17.1","Namurien-D","82","6 - 6,5"
"1439","1438.91","107","5","2517","20","Namurien-D","82","6 - 6,5"
"1440","1439.91","93","7","2517","35.8","Namurien-D","82","6 - 6,5"
"1441","1440.91","89","8","2516","41.3","Namurien-D","82","6 - 6,5"
"1442","1441.91","88","9","2516","46.9","Namurien-D","82","6 - 6,5"
"1443","1442.91","88","9","2517","42.8","Namurien-D","82","6 - 6,5"
"1444","1443.91","99","8","2516","45.9","Namurien-D","82","6 - 6,5"
"1445","1444.91","96","10","2517","52.8","Namurien-D","82","6 - 6,5"
"1446","1445.91","98","10","2516","44.1","Namurien-D","82","6 - 6,5"
"1447","1446.91","97","8","2515","12.8","Namurien-D","82","6 - 6,5"
"1448","1447.91","122","6","2508","41.1","Namurien-D","82","6 - 6,5"
"1449","1448.91","120","7","2507","41.9","Namurien-D","82","6 - 6,5"
"1450","1449.91","113","8","2507","49.2","Namurien-D","82","6 - 6,5"
"1451","1450.91","116","7","2507","48","Namurien-D","82","6 - 6,5"
"1452","1451.91","110","8","2507","53.6","Namurien-D","82","6 - 6,5"
"1453","1452.91","120","7","2508","38.4","Namurien-D","82","6 - 6,5"
"1454","1453.91","114","8","2507","44.9","Namurien-D","82","6 - 6,5"
"1455","1454.91","112","9","2507","51.1","Namurien-D","82","6 - 6,5"
"1456","1455.91","102","9","2507","24.8","Namurien-D","82","6 - 6,5"
"1457","1456.91","79","6","2524","48.9","Namurien-D","82","6 - 6,5"
"1458","1457.91","78","7","2525","36.6","Namurien-D","82","6 - 6,5"
"1459","1458.91","77","7","2525","44.4","Namurien-D","82","6 - 6,5"
"1460","1459.91","76","7","2526","48.5","Namurien-D","82","6 - 6,5"
"1461","1460.91","80","7","2526","43.2","Namurien-D","82","6 - 6,5"
"1462","1461.91","79","7","2529","39.6","Namurien-D","82","6 - 6,5"
"1463","1462.91","89","8","2531","7.2","Namurien-D","82","6 - 6,5"
"1464","1463.91","116","4","2533","11.5","Namurien-D","82","6 - 6,5"
"1465","1464.91","111","5","2533","20.1","Namurien-D","82","6 - 6,5"
"1466","1465.91","94","6","2513","18.7","Namurien-D","82","6 - 6,5"
"1467","1466.91","113","5","2498","18.6","Namurien-D","82","6 - 6,5"
"1468","1467.91","107","6","2498","28.2","Namurien-D","82","6 - 6,5"
"1469","1468.91","119","4","2500","16.8","Namurien-D","82","6 - 6,5"
"1470","1469.91","110","6","2499","17.2","Namurien-D","82","6 - 6,5"
"1471","1470.91","119","4","2500","13.6","Namurien-D","82","6 - 6,5"
"1472","1471.91","112","5","2499","21","Namurien-D","82","6 - 6,5"
"1473","1472.91","120","3","2498","16","Namurien-D","82","6 - 6,5"
"1474","1473.91","124","2","2499","12.5","Namurien-D","82","6 - 6,5"
"1475","1474.91","104","5","2483","18.3","Namurien-D","82","6 - 6,5"
"1476","1475.91","107","5","2468","24.1","Namurien-D","82","6 - 6,5"
"1477","1476.91","88","10","2466","55","Namurien-D","82","6 - 6,5"
"1478","1477.91","88","10","2467","44.7","Namurien-D","82","6 - 6,5"
"1479","1478.91","90","10","2467","41.7","Namurien-D","82","6 - 6,5"
"1480","1479.91","86","11","2467","43.1","Namurien-D","82","6 - 6,5"
"1481","1480.91","91","9","2468","42.3","Namurien-D","82","6 - 6,5"
"1482","1481.91","89","10","2468","46.5","Namurien-D","82","6 - 6,5"
"1483","1482.91","90","9","2468","34.2","Namurien-D","82","6 - 6,5"
"1484","1483.91","99","8","2467","21.3","Namurien-D","82","6 - 6,5"
"1485","1484.91","106","6","2482","16.5","Namurien-D","82","6 - 6,5"
"1486","1485.91","108","7","2487","27.2","Namurien-D","82","6 - 6,5"
"1487","1486.91","108","8","2488","19.9","Namurien-D","82","6 - 6,5"
"1488","1487.91","107","8","2491","22.7","Namurien-D","82","6 - 6,5"
"1489","1488.91","110","8","2491","20.2","Namurien-D","82","6 - 6,5"
"1490","1489.91","115","6","2494","15.7","Namurien-D","82","6 - 6,5"
"1491","1490.91","112","7","2493","20.6","Namurien-D","82","6 - 6,5"
"1492","1491.91","109","10","2493","12.9","Namurien-D","82","6 - 6,5"
"1493","1492.91","116","6","2493","18.7","Namurien-D","82","6 - 6,5"
"1494","1493.91","106","6","2493","9.5","Namurien-D","82","6 - 6,5"
"1495","1494.91","112","6","2499","16.3","Namurien-D","82","6 - 6,5"
"1496","1495.91","120","6","2500","17.5","Namurien-D","82","6 - 6,5"
"1497","1496.91","109","7","2499","30.3","Namurien-D","82","6 - 6,5"
"1498","1497.91","115","7","2500","21.2","Namurien-D","82","6 - 6,5"
"1499","1498.91","113","8","2500","28.9","Namurien-D","82","6 - 6,5"
"1500","1499.91","122","6","2501","9.7","Namurien-D","82","6 - 6,5"
"1501","1500.91","121","5","2501","10.2","Namurien-D","82","6 - 6,5"
"1502","1501.9","118","6","2501","11","Namurien-D","82","6 - 6,5"
"1503","1502.9","128","5","2501","5.8","Namurien-D","82","6 - 6,5"
"1504","1503.9","83","8","2499","10.9","Namurien-D","82","6 - 6,5"
"1505","1504.9","79","8","2498","37.6","Namurien-D","82","6 - 6,5"
"1506","1505.9","87","8","2498","26","Namurien-D","82","6 - 6,5"
"1507","1506.9","81","9","2500","35.3","Namurien-D","82","6 - 6,5"
"1508","1507.9","81","8","2499","39.9","Namurien-D","82","6 - 6,5"
"1509","1508.9","83","8","2500","35.6","Namurien-D","82","6 - 6,5"
"1510","1509.9","81","9","2503","41","Namurien-D","82","6 - 6,5"
"1511","1510.9","82","10","2500","31.9","Namurien-D","82","6 - 6,5"
"1512","1511.9","93","9","2499","11.3","Namurien-D","82","6 - 6,5"
"1513","1512.9","93","5","2505","11.9","Namurien-D","82","6 - 6,5"
"1514","1513.9","73","6","2527","24.9","Namurien-D","82","6 - 6,5"
"1515","1514.9","72","6","2528","30.4","Namurien-D","82","6 - 6,5"
"1516","1515.9","75","6","2523","17.1","Namurien-D","82","6 - 6,5"
"1517","1516.9","70","7","2528","21.4","Namurien-D","82","6 - 6,5"
"1518","1517.9","73","7","2523","21","Namurien-D","82","6 - 6,5"
"1519","1518.9","72","6","2529","32.9","Namurien-D","82","6 - 6,5"
"1520","1519.9","76","5","2531","20.8","Namurien-D","82","6 - 6,5"
"1521","1520.9","80","5","2526","12.2","Namurien-D","82","6 - 6,5"
"1522","1521.9","79","5","2534","14","Namurien-D","82","6 - 6,5"
"1523","1522.9","77","6","2536","19.9","Namurien-D","82","6 - 6,5"
"1524","1523.9","94","6","2533","20.1","Namurien-D","82","6 - 6,5"
"1525","1524.9","105","5","2534","18.9","Namurien-D","82","6 - 6,5"
"1526","1525.9","109","4","2537","14.5","Namurien-D","82","6 - 6,5"
"1527","1526.9","107","5","2539","19.3","Namurien-D","82","6 - 6,5"
"1528","1527.9","106","5","2540","14.5","Namurien-D","82","6 - 6,5"
"1529","1528.9","112","4","2540","11.9","Namurien-D","82","6 - 6,5"
"1530","1529.9","105","5","2540","20.3","Namurien-D","82","6 - 6,5"
"1531","1530.9","109","4","2540","18.4","Namurien-D","82","6 - 6,5"
"1532","1531.9","102","4","2525","15.7","Namurien-D","82","6 - 6,5"
"1533","1532.9","116","5","2482","13.9","Namurien-D","82","6 - 6,5"
"1534","1533.9","110","7","2482","20.3","Namurien-D","82","6 - 6,5"
"1535","1534.9","106","8","2483","17.9","Namurien-D","82","6 - 6,5"
"1536","1535.9","109","6","2483","13.1","Namurien-D","82","6 - 6,5"
"1537","1536.9","114","6","2485","13.5","Namurien-D","82","6 - 6,5"
"1538","1537.9","114","6","2486","20.2","Namurien-D","82","6 - 6,5"
"1539","1538.9","116","6","2486","19.9","Namurien-D","82","6 - 6,5"
"1540","1539.9","114","6","2485","16.9","Namurien-D","82","6 - 6,5"
"1541","1540.9","108","7","2484","25.9","Namurien-D","82","6 - 6,5"
"1542","1541.9","110","5","2508","8.7","Namurien-D","82","6 - 6,5"
"1543","1542.9","109","6","2517","18.8","Namurien-D","82","6 - 6,5"
"1544","1543.9","111","5","2519","13.7","Namurien-D","82","6 - 6,5"
"1545","1544.9","109","6","2518","15.2","Namurien-D","82","6 - 6,5"
"1546","1545.9","115","5","2510","9.4","Namurien-D","82","6 - 6,5"
"1547","1546.9","113","5","2514","9.1","Namurien-D","82","6 - 6,5"
"1548","1547.9","110","4","2510","9.5","Namurien-D","82","6 - 6,5"
"1549","1548.9","107","5","2508","13.3","Namurien-D","82","6 - 6,5"
"1550","1549.9","97","6","2512","15.2","Namurien-D","82","6 - 6,5"
"1551","1550.9","92","7","2518","13.9","Namurien-D","82","6 - 6,5"
"1552","1551.9","110","5","2521","14.6","Namurien-D","82","6 - 6,5"
"1553","1552.9","108","5","2524","14.4","Namurien-D","82","6 - 6,5"
"1554","1553.9","111","5","2525","13.4","Namurien-D","82","6 - 6,5"
"1555","1554.9","114","4","2526","11.5","Namurien-D","82","6 - 6,5"
"1556","1555.9","105","8","2525","4.4","Namurien-D","82","6 - 6,5"
"1557","1556.9","99","9","2527","15.9","Namurien-D","82","6 - 6,5"
"1558","1557.9","99","9","2528","13.9","Namurien-D","82","6 - 6,5"
"1559","1558.9","100","9","2528","13.9","Namurien-D","82","6 - 6,5"
"1560","1559.9","96","9","2529","26.6","Viséen-C","75","5 - 6"
"1561","1560.9","95","6","2517","11.2","Viséen-C","75","5 - 6"
"1562","1561.9","87","6","2492","12.5","Viséen-C","75","5 - 6"
"1563","1562.9","89","7","2492","13.4","Viséen-C","75","5 - 6"
"1564","1563.9","88","9","2493","27.2","Viséen-C","75","5 - 6"
"1565","1564.9","92","9","2494","11.8","Viséen-C","75","5 - 6"
"1566","1565.9","91","11","2493","10.2","Viséen-C","75","5 - 6"
"1567","1566.9","85","10","2492","26.6","Viséen-C","75","5 - 6"
"1568","1567.9","91","11","2491","5.2","Viséen-C","75","5 - 6"
"1569","1568.9","92","8","2491","11.3","Viséen-C","75","5 - 6"
"1570","1569.9","85","10","2493","21.7","Viséen-C","75","5 - 6"
"1571","1570.9","91","7","2512","9.7","Viséen-C","75","5 - 6"
"1572","1571.9","94","7","2517","13","Viséen-C","75","5 - 6"
"1573","1572.9","87","10","2520","16.9","Viséen-C","75","5 - 6"
"1574","1573.9","88","9","2521","24.7","Viséen-C","75","5 - 6"
"1575","1574.9","86","9","2520","29.4","Viséen-C","75","5 - 6"
"1576","1575.9","83","10","2521","32.2","Viséen-C","75","5 - 6"
"1577","1576.9","90","10","2524","15.7","Viséen-C","75","5 - 6"
"1578","1577.9","99","7","2523","7.5","Viséen-C","75","5 - 6"
"1579","1578.9","97","10","2522","4.9","Viséen-C","75","5 - 6"
"1580","1579.9","90","8","2521","10.4","Viséen-C","75","5 - 6"
"1581","1580.9","85","10","2509","27","Viséen-C","75","5 - 6"
"1582","1581.9","89","12","2509","8.8","Viséen-C","75","5 - 6"
"1583","1582.9","84","11","2508","20.5","Viséen-C","75","5 - 6"
"1584","1583.9","85","10","2509","21.8","Viséen-C","75","5 - 6"
"1585","1584.9","84","11","2509","23.7","Viséen-C","75","5 - 6"
"1586","1585.9","83","11","2509","26.1","Viséen-C","75","5 - 6"
"1587","1586.9","87","11","2510","17.2","Viséen-C","75","5 - 6"
"1588","1587.9","89","11","2511","11.6","Viséen-C","75","5 - 6"
"1589","1588.9","90","12","2511","11.2","Viséen-C","75","5 - 6"
"1590","1589.9","89","10","2520","10.3","Viséen-C","75","5 - 6"
"1591","1590.9","89","12","2524","18","Viséen-C","75","5 - 6"
"1592","1591.9","88","12","2524","19.1","Viséen-C","75","5 - 6"
"1593","1592.9","92","11","2525","10.7","Viséen-C","75","5 - 6"
"1594","1593.9","91","10","2528","26.5","Viséen-C","75","5 - 6"
"1595","1594.9","87","11","2526","27.6","Viséen-C","75","5 - 6"
"1596","1595.9","97","8","2526","13.7","Viséen-C","75","5 - 6"
"1597","1596.9","98","9","2526","5.4","Viséen-C","75","5 - 6"
"1598","1597.9","93","9","2526","8.6","Viséen-C","75","5 - 6"
"1599","1598.9","94","10","2527","6.8","Viséen-C","75","5 - 6"
"1600","1599.9","89","10","2518","10.3","Viséen-C","75","5 - 6"
"1601","1600.9","91","12","2515","12.3","Viséen-C","75","5 - 6"
"1602","1601.9","91","11","2516","7.6","Viséen-C","75","5 - 6"
"1603","1602.9","86","11","2516","12.3","Viséen-C","75","5 - 6"
"1604","1603.9","89","11","2515","9","Viséen-C","75","5 - 6"
"1605","1604.9","90","11","2492","8.4","Viséen-C","75","5 - 6"
"1606","1605.9","87","10","2490","21","Viséen-C","75","5 - 6"
"1607","1606.9","89","10","2491","15.2","Viséen-C","75","5 - 6"
"1608","1607.9","89","10","2487","15.1","Viséen-C","75","5 - 6"
"1609","1608.9","91","9","2499","7.8","Viséen-C","75","5 - 6"
"1610","1609.9","84","11","2514","22.3","Viséen-C","75","5 - 6"
"1611","1610.9","84","11","2516","22.9","Viséen-C","75","5 - 6"
"1612","1611.9","82","12","2517","26.6","Viséen-C","75","5 - 6"
"1613","1612.9","82","12","2516","23.7","Viséen-C","75","5 - 6"
"1614","1613.89","83","11","2516","22.5","Viséen-C","75","5 - 6"
"1615","1614.89","88","10","2515","11.6","Viséen-C","75","5 - 6"
"1616","1615.89","84","10","2515","30.2","Viséen-C","75","5 - 6"
"1617","1616.89","86","10","2515","20.5","Viséen-C","75","5 - 6"
"1618","1617.89","87","9","2518","11.3","Viséen-C","75","5 - 6"
"1619","1618.89","87","9","2534","20.3","Viséen-C","75","5 - 6"
"1620","1619.89","89","10","2536","10.2","Viséen-C","75","5 - 6"
"1621","1620.89","87","9","2537","15.8","Viséen-C","75","5 - 6"
"1622","1621.89","90","8","2536","16.4","Viséen-C","75","5 - 6"
"1623","1622.89","90","8","2537","14.6","Viséen-C","75","5 - 6"
"1624","1623.89","91","8","2538","15.2","Viséen-C","75","5 - 6"
"1625","1624.89","92","8","2539","16.1","Viséen-C","75","5 - 6"
"1626","1625.89","84","10","2539","26.1","Viséen-C","75","5 - 6"
"1627","1626.89","91","7","2535","10.7","Viséen-C","75","5 - 6"
"1628","1627.89","97","6","2513","10.6","Viséen-C","75","5 - 6"
"1629","1628.89","88","11","2515","15.6","Viséen-C","75","5 - 6"
"1630","1629.89","83","11","2514","34","Viséen-C","75","5 - 6"
"1631","1630.89","83","11","2514","32.8","Viséen-C","75","5 - 6"
"1632","1631.89","84","11","2514","26.9","Viséen-C","75","5 - 6"
"1633","1632.89","84","10","2515","39.7","Viséen-C","75","5 - 6"
"1634","1633.89","90","9","2514","23.3","Viséen-C","75","5 - 6"
"1635","1634.89","90","11","2515","18.5","Viséen-C","75","5 - 6"
"1636","1635.89","89","11","2513","17.8","Viséen-C","75","5 - 6"
"1637","1636.89","82","10","2515","18.8","Viséen-C","75","5 - 6"
"1638","1637.89","85","11","2514","25.3","Viséen-C","75","5 - 6"
"1639","1638.89","83","12","2515","27.9","Viséen-C","75","5 - 6"
"1640","1639.89","96","8","2515","13.7","Viséen-C","75","5 - 6"
"1641","1640.89","85","10","2514","28.9","Viséen-C","75","5 - 6"
"1642","1641.89","84","11","2513","27.9","Viséen-C","75","5 - 6"
"1643","1642.89","84","11","2511","27.5","Viséen-C","75","5 - 6"
"1644","1643.89","83","11","2511","28.8","Viséen-C","75","5 - 6"
"1645","1644.89","83","11","2510","30","Viséen-C","75","5 - 6"
"1646","1645.89","84","9","2514","16.3","Viséen-C","75","5 - 6"
"1647","1646.89","85","10","2524","23.5","Viséen-C","75","5 - 6"
"1648","1647.89","80","12","2523","31.6","Viséen-C","75","5 - 6"
"1649","1648.89","80","12","2523","31.9","Viséen-C","75","5 - 6"
"1650","1649.89","80","12","2523","30.2","Viséen-C","75","5 - 6"
"1651","1650.89","81","12","2523","30.2","Viséen-C","75","5 - 6"
"1652","1651.89","81","11","2523","29.8","Viséen-C","75","5 - 6"
"1653","1652.89","81","12","2524","30.3","Viséen-C","75","5 - 6"
"1654","1653.89","80","12","2524","32.6","Viséen-C","75","5 - 6"
"1655","1654.89","83","11","2522","29.4","Viséen-C","75","5 - 6"
"1656","1655.89","84","10","2518","17.7","Viséen-C","75","5 - 6"
"1657","1656.89","96","10","2519","5.3","Viséen-C","75","5 - 6"
"1658","1657.89","105","9","2523","12.6","Viséen-C","75","5 - 6"
"1659","1658.89","114","10","2523","23.7","Viséen-C","75","5 - 6"
"1660","1659.89","122","9","2522","15.1","Viséen-C","75","5 - 6"
"1661","1660.89","120","9","2519","13.9","Viséen-C","75","5 - 6"
"1662","1661.89","111","9","2519","34.9","Viséen-C","75","5 - 6"
"1663","1662.89","114","9","2520","28.8","Viséen-C","75","5 - 6"
"1664","1663.89","108","10","2520","28.8","Viséen-C","75","5 - 6"
"1665","1664.89","92","8","2520","15.8","Viséen-C","75","5 - 6"
"1666","1665.89","76","8","2523","21.3","Viséen-C","75","5 - 6"
"1667","1666.89","74","10","2524","22.9","Viséen-C","75","5 - 6"
"1668","1667.89","73","9","2525","24.7","Viséen-C","75","5 - 6"
"1669","1668.89","78","9","2523","18.3","Viséen-C","75","5 - 6"
"1670","1669.89","73","9","2521","23.1","Viséen-C","75","5 - 6"
"1671","1670.89","68","9","2526","21.7","Viséen-C","75","5 - 6"
"1672","1671.89","76","9","2522","9.6","Viséen-C","75","5 - 6"
"1673","1672.89","88","7","2522","21.2","Viséen-C","75","5 - 6"
"1674","1673.89","88","4","2515","9","Viséen-C","75","5 - 6"
"1675","1674.89","100","7","2507","20.9","Viséen-C","75","5 - 6"
"1676","1675.89","101","7","2508","17","Viséen-C","75","5 - 6"
"1677","1676.89","103","6","2509","18.2","Viséen-C","75","5 - 6"
"1678","1677.89","99","7","2511","22","Viséen-C","75","5 - 6"
"1679","1678.89","98","8","2511","25.1","Viséen-C","75","5 - 6"
"1680","1679.89","102","9","2510","30.5","Viséen-C","75","5 - 6"
"1681","1680.89","105","8","2509","33","Viséen-C","75","5 - 6"
"1682","1681.89","96","10","2510","43.9","Viséen-C","75","5 - 6"
"1683","1682.89","111","9","2512","9.4","Viséen-C","75","5 - 6"
"1684","1683.89","94","9","2537","20.4","Viséen-C","75","5 - 6"
"1685","1684.89","88","11","2537","33.3","Viséen-C","75","5 - 6"
"1686","1685.89","88","11","2538","33.3","Viséen-C","75","5 - 6"
"1687","1686.89","88","10","2537","29","Viséen-C","75","5 - 6"
"1688","1687.89","86","11","2537","31.9","Viséen-C","75","5 - 6"
"1689","1688.89","91","8","2538","20.3","Viséen-C","75","5 - 6"
"1690","1689.89","89","10","2539","32.3","Viséen-C","75","5 - 6"
"1691","1690.89","90","10","2538","27.7","Viséen-C","75","5 - 6"
"1692","1691.89","92","9","2541","26.8","Viséen-C","75","5 - 6"
"1693","1692.89","82","10","2529","17","Viséen-C","75","5 - 6"
"1694","1693.89","75","10","2516","25.8","Viséen-C","75","5 - 6"
"1695","1694.89","78","9","2517","21.5","Viséen-C","75","5 - 6"
"1696","1695.89","85","8","2518","13.1","Viséen-C","75","5 - 6"
"1697","1696.89","78","9","2519","16.8","Viséen-C","75","5 - 6"
"1698","1697.89","81","8","2519","19.3","Viséen-C","75","5 - 6"
"1699","1698.89","80","8","2519","18.4","Viséen-C","75","5 - 6"
"1700","1699.89","78","9","2519","20.7","Viséen-C","75","5 - 6"
"1701","1700.89","83","8","2519","16.6","Viséen-C","75","5 - 6"
"1702","1701.89","85","7","2509","11.9","Viséen-C","75","5 - 6"
"1703","1702.89","99","8","2490","11.1","Viséen-C","75","5 - 6"
"1704","1703.89","95","9","2490","13.2","Viséen-C","75","5 - 6"
"1705","1704.89","85","11","2490","24.9","Viséen-C","75","5 - 6"
"1706","1705.89","87","11","2491","20.9","Viséen-C","75","5 - 6"
"1707","1706.89","88","10","2491","19.9","Viséen-C","75","5 - 6"
"1708","1707.89","89","10","2490","26.3","Viséen-C","75","5 - 6"
"1709","1708.89","91","9","2489","23.9","Viséen-C","75","5 - 6"
"1710","1709.89","87","11","2489","23","Viséen-C","75","5 - 6"
"1711","1710.89","88","10","2491","10.9","Viséen-C","75","5 - 6"
"1712","1711.89","103","9","2520","12.2","Viséen-C","75","5 - 6"
"1713","1712.89","106","9","2531","9.2","Viséen-C","75","5 - 6"
"1714","1713.89","102","8","2539","35.5","Viséen-C","75","5 - 6"
"1715","1714.89","97","10","2537","30.3","Viséen-C","75","5 - 6"
"1716","1715.89","100","10","2536","27.5","Viséen-C","75","5 - 6"
"1717","1716.89","101","9","2534","25.7","Viséen-C","75","5 - 6"
"1718","1717.89","103","10","2534","20","Viséen-C","75","5 - 6"
"1719","1718.89","98","10","2525","25.8","Viséen-C","75","5 - 6"
"1720","1719.89","96","10","2520","33.6","Viséen-C","75","5 - 6"
"1721","1720.89","89","8","2508","18.8","Viséen-C","75","5 - 6"
"1722","1721.89","79","11","2476","32.2","Viséen-C","75","5 - 6"
"1723","1722.89","77","12","2484","31.1","Viséen-C","75","5 - 6"
"1724","1723.89","81","11","2508","34.2","Viséen-C","75","5 - 6"
"1725","1724.89","82","11","2508","27.2","Viséen-C","75","5 - 6"
"1726","1725.88","80","11","2509","30.7","Viséen-C","75","5 - 6"
"1727","1726.88","82","10","2509","29.9","Viséen-C","75","5 - 6"
"1728","1727.88","81","11","2509","33.4","Viséen-C","75","5 - 6"
"1729","1728.88","81","11","2508","30.5","Viséen-C","75","5 - 6"
"1730","1729.88","73","10","2517","14.3","Viséen-C","75","5 - 6"
"1731","1730.88","73","11","2521","31.5","Viséen-C","75","5 - 6"
"1732","1731.88","76","10","2518","30","Viséen-C","75","5 - 6"
"1733","1732.88","71","12","2514","36.7","Viséen-C","75","5 - 6"
"1734","1733.88","74","11","2508","30.1","Viséen-C","75","5 - 6"
"1735","1734.88","72","12","2506","32.1","Viséen-C","75","5 - 6"
"1736","1735.88","74","11","2507","29.8","Viséen-C","75","5 - 6"
"1737","1736.88","75","11","2508","30.2","Viséen-C","75","5 - 6"
"1738","1737.88","76","10","2509","28.9","Viséen-C","75","5 - 6"
"1739","1738.88","70","8","2512","14.3","Viséen-C","75","5 - 6"
"1740","1739.88","77","8","2516","15.3","Viséen-C","75","5 - 6"
"1741","1740.88","96","9","2517","17.8","Viséen-C","75","5 - 6"
"1742","1741.88","103","10","2517","30.6","Viséen-C","75","5 - 6"
"1743","1742.88","103","11","2517","30.1","Viséen-C","75","5 - 6"
"1744","1743.88","104","10","2517","24.7","Viséen-C","75","5 - 6"
"1745","1744.88","108","9","2519","27","Viséen-C","75","5 - 6"
"1746","1745.88","106","9","2518","30.1","Viséen-C","75","5 - 6"
"1747","1746.88","102","11","2518","32","Viséen-C","75","5 - 6"
"1748","1747.88","100","7","2492","12.5","Viséen-C","75","5 - 6"
"1749","1748.88","102","9","2467","10.9","Viséen-C","75","5 - 6"
"1750","1749.88","106","8","2471","8.3","Viséen-C","75","5 - 6"
"1751","1750.88","103","8","2470","13.5","Viséen-C","75","5 - 6"
"1752","1751.88","98","9","2470","18.1","Viséen-C","75","5 - 6"
"1753","1752.88","97","9","2505","18.9","Viséen-C","75","5 - 6"
"1754","1753.88","101","8","2528","16.1","Viséen-C","75","5 - 6"
"1755","1754.88","101","8","2526","13.7","Viséen-C","75","5 - 6"
"1756","1755.88","103","8","2526","11.9","Viséen-C","75","5 - 6"
"1757","1756.88","107","6","2526","7.4","Viséen-C","75","5 - 6"
"1758","1757.88","94","8","2528","10.4","Viséen-C","75","5 - 6"
"1759","1758.88","91","8","2528","13.9","Viséen-C","75","5 - 6"
"1760","1759.88","93","8","2528","12.6","Viséen-C","75","5 - 6"
"1761","1760.88","90","8","2529","12.5","Viséen-C","75","5 - 6"
"1762","1761.88","93","7","2519","12.6","Viséen-C","75","5 - 6"
"1763","1762.88","86","9","2515","18.3","Viséen-C","75","5 - 6"
"1764","1763.88","88","9","2520","15.4","Viséen-C","75","5 - 6"
"1765","1764.88","85","10","2519","17.4","Viséen-C","75","5 - 6"
"1766","1765.88","91","8","2518","12","Viséen-C","75","5 - 6"
"1767","1766.88","87","8","2511","7.1","Viséen-C","75","5 - 6"
"1768","1767.88","85","11","2508","16.5","Viséen-C","75","5 - 6"
"1769","1768.88","83","12","2510","18","Viséen-C","75","5 - 6"
"1770","1769.88","85","12","2511","15.7","Viséen-C","75","5 - 6"
"1771","1770.88","83","12","2510","21.7","Viséen-C","75","5 - 6"
"1772","1771.88","85","11","2508","17.2","Viséen-C","75","5 - 6"
"1773","1772.88","85","11","2506","15.7","Viséen-C","75","5 - 6"
"1774","1773.88","88","10","2504","9.2","Viséen-C","75","5 - 6"
"1775","1774.88","87","10","2503","15.9","Viséen-C","75","5 - 6"
"1776","1775.88","87","8","2503","11.8","Viséen-C","75","5 - 6"
"1777","1776.88","79","10","2505","30.9","Viséen-C","75","5 - 6"
"1778","1777.88","78","11","2505","31.1","Viséen-C","75","5 - 6"
"1779","1778.88","78","12","2504","30","Viséen-C","75","5 - 6"
"1780","1779.88","79","12","2505","29.3","Viséen-C","75","5 - 6"
"1781","1780.88","80","11","2505","28.2","Viséen-C","75","5 - 6"
"1782","1781.88","79","11","2505","26.9","Viséen-C","75","5 - 6"
"1783","1782.88","83","11","2504","27.1","Viséen-C","75","5 - 6"
"1784","1783.88","83","11","2505","29.9","Viséen-C","75","5 - 6"
"1785","1784.88","82","12","2504","30.6","Viséen-C","75","5 - 6"
"1786","1785.88","86","9","2505","15.6","Viséen-C","75","5 - 6"
"1787","1786.88","83","11","2506","27.3","Viséen-C","75","5 - 6"
"1788","1787.88","81","12","2506","31.5","Viséen-C","75","5 - 6"
"1789","1788.88","81","12","2507","32","Viséen-C","75","5 - 6"
"1790","1789.88","81","11","2506","30.3","Viséen-C","75","5 - 6"
"1791","1790.88","82","11","2507","31.4","Viséen-C","75","5 - 6"
"1792","1791.88","81","11","2506","31.1","Viséen-C","75","5 - 6"
"1793","1792.88","85","10","2508","26.6","Viséen-C","75","5 - 6"
"1794","1793.88","81","11","2508","31","Viséen-C","75","5 - 6"
"1795","1794.88","84","10","2508","28.3","Viséen-B","73","5 - 6"
"1796","1795.88","82","9","2523","14.7","Viséen-B","73","5 - 6"
"1797","1796.88","91","8","2533","16.5","Viséen-B","73","5 - 6"
"1798","1797.88","94","7","2532","14.1","Viséen-B","73","5 - 6"
"1799","1798.88","86","9","2531","22.3","Viséen-B","73","5 - 6"
"1800","1799.88","84","10","2530","24.4","Viséen-B","73","5 - 6"
"1801","1800.88","88","8","2533","20","Viséen-B","73","5 - 6"
"1802","1801.88","82","11","2531","27.2","Viséen-B","73","5 - 6"
"1803","1802.88","87","9","2533","20.3","Viséen-B","73","5 - 6"
"1804","1803.88","83","10","2532","24.8","Viséen-B","73","5 - 6"
"1805","1804.88","90","5","2533","8.4","Viséen-B","73","5 - 6"
"1806","1805.88","87","7","2533","12","Viséen-B","73","5 - 6"
"1807","1806.88","88","9","2534","12.7","Viséen-B","73","5 - 6"
"1808","1807.88","88","8","2535","12.9","Viséen-B","73","5 - 6"
"1809","1808.88","85","9","2535","14.9","Viséen-B","73","5 - 6"
"1810","1809.88","88","8","2534","15.5","Viséen-B","73","5 - 6"
"1811","1810.88","81","11","2534","26","Viséen-B","73","5 - 6"
"1812","1811.88","79","13","2533","28.2","Viséen-B","73","5 - 6"
"1813","1812.88","82","11","2531","23.8","Viséen-B","73","5 - 6"
"1814","1813.88","82","10","2529","17.1","Viséen-B","73","5 - 6"
"1815","1814.88","86","9","2507","26.2","Viséen-B","73","5 - 6"
"1816","1815.88","85","12","2506","14.9","Viséen-B","73","5 - 6"
"1817","1816.88","83","11","2508","24","Viséen-B","73","5 - 6"
"1818","1817.88","83","11","2510","28","Viséen-B","73","5 - 6"
"1819","1818.88","84","12","2512","23.9","Viséen-B","73","5 - 6"
"1820","1819.88","84","10","2510","20.4","Viséen-B","73","5 - 6"
"1821","1820.88","83","12","2511","23.4","Viséen-B","73","5 - 6"
"1822","1821.88","84","12","2511","22.4","Viséen-B","73","5 - 6"
"1823","1822.88","86","10","2512","20.1","Viséen-B","73","5 - 6"
"1824","1823.88","86","8","2517","11.9","Viséen-B","73","5 - 6"
"1825","1824.88","87","13","2522","26.1","Viséen-B","73","5 - 6"
"1826","1825.88","91","11","2524","12.8","Viséen-B","73","5 - 6"
"1827","1826.88","90","10","2525","16.5","Viséen-B","73","5 - 6"
"1828","1827.88","89","10","2525","23.1","Viséen-B","73","5 - 6"
"1829","1828.88","87","11","2526","21.3","Viséen-B","73","5 - 6"
"1830","1829.88","92","11","2525","15.4","Viséen-B","73","5 - 6"
"1831","1830.88","101","7","2525","10.9","Viséen-B","73","5 - 6"
"1832","1831.88","100","8","2527","10.5","Viséen-B","73","5 - 6"
"1833","1832.88","85","10","2524","16.2","Viséen-B","73","5 - 6"
"1834","1833.88","94","10","2518","27.9","Viséen-B","73","5 - 6"
"1835","1834.88","91","11","2519","35.3","Viséen-B","73","5 - 6"
"1836","1835.88","91","11","2520","33.1","Viséen-B","73","5 - 6"
"1837","1836.88","101","9","2522","23.3","Viséen-B","73","5 - 6"
"1838","1837.87","100","11","2523","14.4","Viséen-B","73","5 - 6"
"1839","1838.87","98","11","2521","18.6","Viséen-B","73","5 - 6"
"1840","1839.87","97","10","2522","23","Viséen-B","73","5 - 6"
"1841","1840.87","98","10","2523","29.1","Viséen-B","73","5 - 6"
"1842","1841.87","93","10","2522","28.6","Viséen-B","73","5 - 6"
"1843","1842.87","79","11","2524","18.6","Viséen-B","73","5 - 6"
"1844","1843.87","79","10","2525","20.6","Viséen-B","73","5 - 6"
"1845","1844.87","78","10","2525","20.9","Viséen-B","73","5 - 6"
"1846","1845.87","77","11","2526","19","Viséen-B","73","5 - 6"
"1847","1846.87","86","9","2525","16.9","Viséen-B","73","5 - 6"
"1848","1847.87","86","10","2523","18.1","Viséen-B","73","5 - 6"
"1849","1848.87","85","10","2524","17.9","Viséen-B","73","5 - 6"
"1850","1849.87","84","11","2526","20.1","Viséen-B","73","5 - 6"
"1851","1850.87","80","11","2526","25.5","Viséen-B","73","5 - 6"
"1852","1851.87","83","9","2529","14.9","Viséen-B","73","5 - 6"
"1853","1852.87","96","10","2538","33.7","Viséen-B","73","5 - 6"
"1854","1853.87","97","10","2538","30.3","Viséen-B","73","5 - 6"
"1855","1854.87","94","10","2538","33.3","Viséen-B","73","5 - 6"
"1856","1855.87","102","8","2538","22","Viséen-B","73","5 - 6"
"1857","1856.87","98","9","2538","29.2","Viséen-B","73","5 - 6"
"1858","1857.87","102","9","2539","31.3","Viséen-B","73","5 - 6"
"1859","1858.87","108","7","2540","26.2","Viséen-B","73","5 - 6"
"1860","1859.87","109","8","2540","32.4","Viséen-B","73","5 - 6"
"1861","1860.87","102","10","2539","31.9","Viséen-B","73","5 - 6"
"1862","1861.87","84","8","2541","7.7","Viséen-B","73","5 - 6"
"1863","1862.87","101","10","2545","23.2","Viséen-B","73","5 - 6"
"1864","1863.87","95","11","2545","29.2","Viséen-B","73","5 - 6"
"1865","1864.87","100","10","2546","23.1","Viséen-B","73","5 - 6"
"1866","1865.87","102","10","2547","19.1","Viséen-B","73","5 - 6"
"1867","1866.87","97","12","2546","22.3","Viséen-B","73","5 - 6"
"1868","1867.87","104","10","2544","9.8","Viséen-B","73","5 - 6"
"1869","1868.87","103","9","2543","25.6","Viséen-B","73","5 - 6"
"1870","1869.87","99","11","2542","25.4","Viséen-B","73","5 - 6"
"1871","1870.87","97","8","2512","9.9","Viséen-B","73","5 - 6"
"1872","1871.87","91","10","2482","24.1","Viséen-B","73","5 - 6"
"1873","1872.87","94","10","2482","17.1","Viséen-B","73","5 - 6"
"1874","1873.87","94","10","2482","18.8","Viséen-B","73","5 - 6"
"1875","1874.87","95","10","2483","13.5","Viséen-B","73","5 - 6"
"1876","1875.87","92","11","2484","21.2","Viséen-B","73","5 - 6"
"1877","1876.87","91","11","2481","18.4","Viséen-B","73","5 - 6"
"1878","1877.87","95","9","2483","18.5","Viséen-B","73","5 - 6"
"1879","1878.87","91","12","2482","16.3","Viséen-B","73","5 - 6"
"1880","1879.87","90","9","2492","9.2","Viséen-B","73","5 - 6"
"1881","1880.87","84","9","2520","16.1","Viséen-B","73","5 - 6"
"1882","1881.87","82","10","2521","19.2","Viséen-B","73","5 - 6"
"1883","1882.87","100","9","2522","22.1","Viséen-B","73","5 - 6"
"1884","1883.87","98","10","2521","25.8","Viséen-B","73","5 - 6"
"1885","1884.87","101","11","2522","20","Viséen-B","73","5 - 6"
"1886","1885.87","96","13","2522","29.9","Viséen-B","73","5 - 6"
"1887","1886.87","96","13","2521","29.8","Viséen-B","73","5 - 6"
"1888","1887.87","95","14","2522","28.6","Viséen-B","73","5 - 6"
"1889","1888.87","98","12","2521","12.3","Viséen-B","73","5 - 6"
"1890","1889.87","87","13","2509","31.4","Viséen-B","73","5 - 6"
"1891","1890.87","85","15","2509","28.4","Viséen-B","73","5 - 6"
"1892","1891.87","85","15","2510","25.3","Viséen-B","73","5 - 6"
"1893","1892.87","85","15","2510","26.4","Viséen-B","73","5 - 6"
"1894","1893.87","86","15","2509","24.3","Viséen-B","73","5 - 6"
"1895","1894.87","86","14","2510","22.7","Viséen-B","73","5 - 6"
"1896","1895.87","85","14","2512","27.4","Viséen-B","73","5 - 6"
"1897","1896.87","88","13","2513","21.7","Viséen-B","73","5 - 6"
"1898","1897.87","88","12","2511","13.4","Viséen-B","73","5 - 6"
"1899","1898.87","103","7","2512","8.7","Viséen-B","73","5 - 6"
"1900","1899.87","97","8","2512","13.6","Viséen-B","73","5 - 6"
"1901","1900.87","95","9","2512","16","Viséen-B","73","5 - 6"
"1902","1901.87","102","7","2511","10.1","Viséen-B","73","5 - 6"
"1903","1902.87","98","8","2510","13.8","Viséen-B","73","5 - 6"
"1904","1903.87","86","10","2507","12.1","Viséen-B","73","5 - 6"
"1905","1904.87","92","9","2508","9.1","Viséen-B","73","5 - 6"
"1906","1905.87","88","10","2505","12.8","Viséen-B","73","5 - 6"
"1907","1906.87","86","11","2495","12.1","Viséen-B","73","5 - 6"
"1908","1907.87","96","9","2510","7.5","Viséen-B","73","5 - 6"
"1909","1908.87","94","12","2512","13.8","Viséen-B","73","5 - 6"
"1910","1909.87","91","13","2516","16.3","Viséen-B","73","5 - 6"
"1911","1910.87","89","12","2516","21.6","Viséen-B","73","5 - 6"
"1912","1911.87","90","14","2515","15.2","Viséen-B","73","5 - 6"
"1913","1912.87","87","13","2515","24.6","Viséen-B","73","5 - 6"
"1914","1913.87","89","14","2515","19.7","Viséen-B","73","5 - 6"
"1915","1914.87","89","13","2513","22","Viséen-B","73","5 - 6"
"1916","1915.87","90","13","2512","22.5","Viséen-B","73","5 - 6"
"1917","1916.87","86","12","2506","16.2","Viséen-B","73","5 - 6"
"1918","1917.87","85","13","2502","28.5","Viséen-B","73","5 - 6"
"1919","1918.87","92","10","2503","14.4","Viséen-B","73","5 - 6"
"1920","1919.87","89","11","2504","14.6","Viséen-B","73","5 - 6"
"1921","1920.87","89","11","2503","28.9","Viséen-B","73","5 - 6"
"1922","1921.87","88","12","2503","25.8","Viséen-B","73","5 - 6"
"1923","1922.87","84","13","2504","28.1","Viséen-B","73","5 - 6"
"1924","1923.87","84","13","2502","35","Viséen-B","73","5 - 6"
"1925","1924.87","85","12","2502","38.3","Viséen-B","73","5 - 6"
"1926","1925.87","86","14","2504","22.2","Viséen-B","73","5 - 6"
"1927","1926.87","88","11","2510","12.7","Viséen-B","73","5 - 6"
"1928","1927.87","86","14","2511","22.5","Viséen-B","73","5 - 6"
"1929","1928.87","91","11","2512","15.1","Viséen-B","73","5 - 6"
"1930","1929.87","87","12","2511","23.8","Viséen-B","73","5 - 6"
"1931","1930.87","83","15","2511","26.3","Viséen-B","73","5 - 6"
"1932","1931.87","84","14","2511","22.9","Viséen-B","73","5 - 6"
"1933","1932.87","84","14","2512","22.6","Viséen-B","73","5 - 6"
"1934","1933.87","82","14","2512","27.3","Viséen-B","73","5 - 6"
"1935","1934.87","81","15","2511","32.5","Viséen-B","73","5 - 6"
"1936","1935.87","86","11","2508","12.5","Viséen-B","73","5 - 6"
"1937","1936.87","82","14","2498","27.8","Viséen-B","73","5 - 6"
"1938","1937.87","82","14","2496","28.9","Viséen-B","73","5 - 6"
"1939","1938.87","82","12","2497","48.9","Viséen-B","73","5 - 6"
"1940","1939.87","81","13","2496","114.3","Viséen-B","73","5 - 6"
"1941","1940.87","80","14","2496","31.8","Viséen-B","73","5 - 6"
"1942","1941.87","83","14","2497","22","Viséen-B","73","5 - 6"
"1943","1942.87","79","15","2498","32.1","Viséen-B","73","5 - 6"
"1944","1943.87","82","14","2498","23.9","Viséen-B","73","5 - 6"
"1945","1944.87","82","13","2498","23.3","Viséen-B","73","5 - 6"
"1946","1945.87","85","7","2505","9.1","Viséen-B","73","5 - 6"
"1947","1946.87","78","11","2514","14.9","Viséen-B","73","5 - 6"
"1948","1947.87","82","10","2516","14.5","Viséen-B","73","5 - 6"
"1949","1948.87","82","11","2514","22.3","Viséen-B","73","5 - 6"
"1950","1949.86","89","10","2516","10.3","Viséen-B","73","5 - 6"
"1951","1950.86","91","9","2517","10.8","Viséen-B","73","5 - 6"
"1952","1951.86","89","9","2517","10.9","Viséen-B","73","5 - 6"
"1953","1952.86","89","9","2517","13.5","Viséen-B","73","5 - 6"
"1954","1953.86","90","8","2516","12","Viséen-B","73","5 - 6"
"1955","1954.86","92","6","2512","12.6","Viséen-B","73","5 - 6"
"1956","1955.86","87","5","2502","47.9","Viséen-B","73","5 - 6"
"1957","1956.86","86","6","2502","28.5","Viséen-B","73","5 - 6"
"1958","1957.86","87","9","2501","17.5","Viséen-B","73","5 - 6"
"1959","1958.86","85","11","2502","69.5","Viséen-B","73","5 - 6"
"1960","1959.86","81","13","2502","25.6","Viséen-B","73","5 - 6"
"1961","1960.86","78","14","2502","38","Viséen-B","73","5 - 6"
"1962","1961.86","85","13","2503","31.9","Viséen-B","73","5 - 6"
"1963","1962.86","89","10","2503","24.8","Viséen-B","73","5 - 6"
"1964","1963.86","85","9","2509","12.1","Viséen-B","73","5 - 6"
"1965","1964.86","79","13","2521","27.6","Viséen-B","73","5 - 6"
"1966","1965.86","78","14","2520","25.9","Viséen-B","73","5 - 6"
"1967","1966.86","79","14","2520","26.5","Viséen-B","73","5 - 6"
"1968","1967.86","79","14","2521","27.8","Viséen-B","73","5 - 6"
"1969","1968.86","79","15","2522","30.2","Viséen-B","73","5 - 6"
"1970","1969.86","80","14","2521","28.1","Viséen-B","73","5 - 6"
"1971","1970.86","82","13","2521","24.9","Viséen-B","73","5 - 6"
"1972","1971.86","80","12","2521","26.8","Viséen-B","73","5 - 6"
"1973","1972.86","80","13","2520","26.8","Viséen-B","73","5 - 6"
"1974","1973.86","83","13","2520","12.4","Viséen-B","73","5 - 6"
"1975","1974.86","81","15","2520","26.2","Viséen-B","73","5 - 6"
"1976","1975.86","83","14","2519","27.2","Viséen-B","73","5 - 6"
"1977","1976.86","90","12","2523","14","Viséen-B","73","5 - 6"
"1978","1977.86","86","15","2527","13.7","Viséen-B","73","5 - 6"
"1979","1978.86","86","13","2528","15","Viséen-B","73","5 - 6"
"1980","1979.86","83","14","2528","23.3","Viséen-B","73","5 - 6"
"1981","1980.86","90","10","2530","15.2","Viséen-B","73","5 - 6"
"1982","1981.86","86","13","2530","20.8","Viséen-B","73","5 - 6"
"1983","1982.86","85","8","2523","7.6","Viséen-B","73","5 - 6"
"1984","1983.86","74","9","2513","12.4","Viséen-B","73","5 - 6"
"1985","1984.86","75","9","2511","11.9","Viséen-B","73","5 - 6"
"1986","1985.86","74","9","2515","11.8","Viséen-B","73","5 - 6"
"1987","1986.86","76","9","2515","9.6","Viséen-B","73","5 - 6"
"1988","1987.86","77","10","2516","7.4","Viséen-B","73","5 - 6"
"1989","1988.86","73","9","2515","11.4","Viséen-B","73","5 - 6"
"1990","1989.86","84","9","2515","13.8","Viséen-B","73","5 - 6"
"1991","1990.86","87","10","2514","20.6","Viséen-B","73","5 - 6"
"1992","1991.86","86","9","2518","8.5","Viséen-B","73","5 - 6"
"1993","1992.86","78","10","2527","23.8","Viséen-B","73","5 - 6"
"1994","1993.86","76","13","2526","20.6","Viséen-B","73","5 - 6"
"1995","1994.86","75","13","2525","22","Viséen-B","73","5 - 6"
"1996","1995.86","75","12","2526","20","Viséen-B","73","5 - 6"
"1997","1996.86","81","10","2526","16.7","Viséen-B","73","5 - 6"
"1998","1997.86","82","10","2527","15.3","Viséen-B","73","5 - 6"
"1999","1998.86","81","10","2527","18.4","Viséen-B","73","5 - 6"
"2000","1999.86","86","9","2529","13.3","Viséen-B","73","5 - 6"
"2001","2000.86","79","13","2528","16","Viséen-B","73","5 - 6"
"2002","2001.86","76","9","2533","9.9","Viséen-B","73","5 - 6"
"2003","2002.86","75","11","2540","18.7","Viséen-B","73","5 - 6"
"2004","2003.86","76","11","2542","19.1","Viséen-B","73","5 - 6"
"2005","2004.86","81","9","2542","21.5","Viséen-B","73","5 - 6"
"2006","2005.86","78","11","2541","15.9","Viséen-B","73","5 - 6"
"2007","2006.86","79","10","2543","24.9","Viséen-B","73","5 - 6"
"2008","2007.86","75","12","2544","18.9","Viséen-B","73","5 - 6"
"2009","2008.86","76","12","2544","17.4","Viséen-B","73","5 - 6"
"2010","2009.86","77","11","2542","17.8","Viséen-B","73","5 - 6"
"2011","2010.86","76","12","2540","16","Viséen-B","73","5 - 6"
"2012","2011.86","92","9","2506","14.2","Viséen-B","73","5 - 6"
"2013","2012.86","101","10","2498","22.6","Viséen-B","73","5 - 6"
"2014","2013.86","99","12","2498","15.6","Viséen-B","73","5 - 6"
"2015","2014.86","102","11","2501","11.9","Viséen-B","73","5 - 6"
"2016","2015.86","103","11","2502","12.1","Viséen-B","73","5 - 6"
"2017","2016.86","106","8","2503","12","Viséen-B","73","5 - 6"
"2018","2017.86","102","11","2502","11.9","Viséen-B","73","5 - 6"
"2019","2018.86","102","10","2504","10.6","Tournaisien-A","85","6 - 7"
"2020","2019.86","101","9","2503","19.7","Tournaisien-A","85","6 - 7"
"2021","2020.86","94","9","2511","10.7","Tournaisien-A","85","6 - 7"
"2022","2021.86","90","10","2533","17.6","Tournaisien-A","85","6 - 7"
"2023","2022.86","103","10","2533","17.8","Tournaisien-A","85","6 - 7"
"2024","2023.86","104","11","2535","9.9","Tournaisien-A","85","6 - 7"
"2025","2024.86","103","11","2536","16.5","Tournaisien-A","85","6 - 7"
"2026","2025.86","100","12","2535","19.2","Tournaisien-A","85","6 - 7"
"2027","2026.86","104","9","2535","13.2","Tournaisien-A","85","6 - 7"
"2028","2027.86","108","8","2537","15.6","Tournaisien-A","85","6 - 7"
"2029","2028.86","97","11","2535","27.7","Tournaisien-A","85","6 - 7"
"2030","2029.86","96","11","2533","30.8","Tournaisien-A","85","6 - 7"
"2031","2030.86","92","8","2514","12.8","Tournaisien-A","85","6 - 7"
"2032","2031.86","83","11","2506","23","Tournaisien-A","85","6 - 7"
"2033","2032.86","85","10","2506","20.8","Tournaisien-A","85","6 - 7"
"2034","2033.86","80","12","2508","26.3","Tournaisien-A","85","6 - 7"
"2035","2034.86","83","10","2507","23.5","Tournaisien-A","85","6 - 7"
"2036","2035.86","80","11","2508","28","Tournaisien-A","85","6 - 7"
"2037","2036.86","87","11","2509","13.1","Tournaisien-A","85","6 - 7"
"2038","2037.86","93","9","2509","9.5","Tournaisien-A","85","6 - 7"
"2039","2038.86","94","7","2512","13","Tournaisien-A","85","6 - 7"
"2040","2039.86","83","10","2500","5.5","Tournaisien-A","85","6 - 7"
"2041","2040.86","76","11","2496","17.9","Tournaisien-A","85","6 - 7"
"2042","2041.86","78","10","2499","15.6","Tournaisien-A","85","6 - 7"
"2043","2042.86","76","12","2499","16","Tournaisien-A","85","6 - 7"
"2044","2043.86","76","11","2501","18.9","Tournaisien-A","85","6 - 7"
"2045","2044.86","75","11","2503","19.6","Tournaisien-A","85","6 - 7"
"2046","2045.86","75","11","2501","19","Tournaisien-A","85","6 - 7"
"2047","2046.86","78","11","2504","17","Tournaisien-A","85","6 - 7"
"2048","2047.86","76","10","2508","19.3","Tournaisien-A","85","6 - 7"
"2049","2048.86","79","9","2510","13.8","Tournaisien-A","85","6 - 7"
"2050","2049.86","77","9","2529","18.3","Tournaisien-A","85","6 - 7"
"2051","2050.86","85","9","2530","19.7","Tournaisien-A","85","6 - 7"
"2052","2051.86","89","9","2532","16.4","Tournaisien-A","85","6 - 7"
"2053","2052.86","86","11","2532","18","Tournaisien-A","85","6 - 7"
"2054","2053.86","86","12","2530","17.1","Tournaisien-A","85","6 - 7"
"2055","2054.86","90","11","2532","10.3","Tournaisien-A","85","6 - 7"
"2056","2055.86","86","10","2531","24.4","Tournaisien-A","85","6 - 7"
"2057","2056.86","85","10","2529","22.5","Tournaisien-A","85","6 - 7"
"2058","2057.86","88","9","2530","17.7","Tournaisien-A","85","6 - 7"
"2059","2058.86","89","6","2529","8.7","Tournaisien-A","85","6 - 7"
"2060","2059.86","82","6","2526","11.9","Tournaisien-A","85","6 - 7"
"2061","2060.86","75","10","2528","13.3","Tournaisien-A","85","6 - 7"
"2062","2061.85","92","7","2528","8.9","Tournaisien-A","85","6 - 7"
"2063","2062.85","91","6","2529","10.6","Tournaisien-A","85","6 - 7"
"2064","2063.85","91","6","2528","10.9","Tournaisien-A","85","6 - 7"
"2065","2064.85","82","9","2523","25.9","Tournaisien-A","85","6 - 7"
"2066","2065.85","83","11","2521","21.3","Tournaisien-A","85","6 - 7"
"2067","2066.85","83","12","2520","25.6","Tournaisien-A","85","6 - 7"
"2068","2067.85","83","10","2520","16","Tournaisien-A","85","6 - 7"
"2069","2068.85","84","12","2511","22.2","Tournaisien-A","85","6 - 7"
"2070","2069.85","85","11","2494","13.7","Tournaisien-A","85","6 - 7"
"2071","2070.85","84","12","2495","20.7","Tournaisien-A","85","6 - 7"
"2072","2071.85","86","11","2496","16.3","Tournaisien-A","85","6 - 7"
"2073","2072.85","87","11","2499","20.4","Tournaisien-A","85","6 - 7"
"2074","2073.85","82","14","2496","26.7","Tournaisien-A","85","6 - 7"
"2075","2074.85","85","13","2496","25.4","Tournaisien-A","85","6 - 7"
"2076","2075.85","84","13","2497","24.8","Tournaisien-A","85","6 - 7"
"2077","2076.85","84","14","2497","25.2","Tournaisien-A","85","6 - 7"
"2078","2077.85","82","12","2500","21.5","Tournaisien-A","85","6 - 7"
"2079","2078.85","83","15","2507","28.6","Tournaisien-A","85","6 - 7"
"2080","2079.85","84","15","2507","27.9","Tournaisien-A","85","6 - 7"
"2081","2080.85","84","15","2506","28.6","Tournaisien-A","85","6 - 7"
"2082","2081.85","83","15","2507","28.9","Tournaisien-A","85","6 - 7"
"2083","2082.85","89","15","2510","27.9","Tournaisien-A","85","6 - 7"
"2084","2083.85","92","16","2510","33.6","Tournaisien-A","85","6 - 7"
"2085","2084.85","92","16","2508","34.6","Tournaisien-A","85","6 - 7"
"2086","2085.85","91","16","2506","30.3","Tournaisien-A","85","6 - 7"
"2087","2086.85","90","14","2509","18.4","Tournaisien-A","85","6 - 7"
"2088","2087.85","97","11","2532","17.7","Tournaisien-A","85","6 - 7"
"2089","2088.85","95","13","2535","25.5","Tournaisien-A","85","6 - 7"
"2090","2089.85","96","12","2533","26.5","Tournaisien-A","85","6 - 7"
"2091","2090.85","98","11","2532","22.8","Tournaisien-A","85","6 - 7"
"2092","2091.85","99","12","2533","16.7","Tournaisien-A","85","6 - 7"
"2093","2092.85","99","11","2530","16.8","Tournaisien-A","85","6 - 7"
"2094","2093.85","99","12","2530","16.7","Tournaisien-A","85","6 - 7"
"2095","2094.85","100","11","2529","19.3","Tournaisien-A","85","6 - 7"
"2096","2095.85","103","11","2530","12","Tournaisien-A","85","6 - 7"
"2097","2096.85","91","12","2509","15.9","Tournaisien-A","85","6 - 7"
"2098","2097.85","88","15","2504","22.8","Tournaisien-A","85","6 - 7"
"2099","2098.85","89","14","2505","21.9","Tournaisien-A","85","6 - 7"
"2100","2099.85","90","15","2503","18.1","Tournaisien-A","85","6 - 7"
"2101","2100.85","90","14","2499","19.2","Tournaisien-A","85","6 - 7"
"2102","2101.85","91","15","2494","17.6","Tournaisien-A","85","6 - 7"
"2103","2102.85","87","15","2492","23.7","Tournaisien-A","85","6 - 7"
"2104","2103.85","86","15","2494","30.4","Tournaisien-A","85","6 - 7"
"2105","2104.85","86","16","2494","24.1","Tournaisien-A","85","6 - 7"
"2106","2105.85","89","15","2503","10.6","Tournaisien-A","85","6 - 7"
"2107","2106.85","88","15","2503","23.7","Tournaisien-A","85","6 - 7"
"2108","2107.85","87","15","2503","28.1","Tournaisien-A","85","6 - 7"
"2109","2108.85","88","15","2504","20.2","Tournaisien-A","85","6 - 7"
"2110","2109.85","85","15","2502","27.6","Tournaisien-A","85","6 - 7"
"2111","2110.85","85","15","2500","29.6","Tournaisien-A","85","6 - 7"
"2112","2111.85","85","15","2500","29","Tournaisien-A","85","6 - 7"
"2113","2112.85","86","14","2500","24.8","Tournaisien-A","85","6 - 7"
"2114","2113.85","85","14","2499","27.1","Tournaisien-A","85","6 - 7"
"2115","2114.85","90","11","2500","14.8","Tournaisien-A","85","6 - 7"
"2116","2115.85","99","9","2497","15.7","Tournaisien-A","85","6 - 7"
"2117","2116.85","98","9","2494","17.2","Tournaisien-A","85","6 - 7"
"2118","2117.85","97","11","2498","9.1","Tournaisien-A","85","6 - 7"
"2119","2118.85","103","12","2500","7.2","Tournaisien-A","85","6 - 7"
"2120","2119.85","103","14","2502","23.4","Tournaisien-A","85","6 - 7"
"2121","2120.85","101","15","2502","20.6","Tournaisien-A","85","6 - 7"
"2122","2121.85","106","13","2502","18.8","Tournaisien-A","85","6 - 7"
"2123","2122.85","106","12","2502","20.1","Tournaisien-A","85","6 - 7"
"2124","2123.85","104","13","2503","21.9","Tournaisien-A","85","6 - 7"
"2125","2124.85","92","11","2511","12.4","Tournaisien-A","85","6 - 7"
"2126","2125.85","86","14","2511","27.3","Tournaisien-A","85","6 - 7"
"2127","2126.85","87","15","2511","20.4","Tournaisien-A","85","6 - 7"
"2128","2127.85","86","14","2512","27.2","Tournaisien-A","85","6 - 7"
"2129","2128.85","87","14","2511","25.2","Tournaisien-A","85","6 - 7"
"2130","2129.85","85","15","2510","27.9","Tournaisien-A","85","6 - 7"
"2131","2130.85","85","15","2510","26.6","Tournaisien-A","85","6 - 7"
"2132","2131.85","86","14","2510","25.3","Tournaisien-A","85","6 - 7"
"2133","2132.85","86","15","2510","27.3","Tournaisien-A","85","6 - 7"
"2134","2133.85","85","11","2510","13.6","Tournaisien-A","85","6 - 7"
"2135","2134.85","81","13","2512","28.7","Tournaisien-A","85","6 - 7"
"2136","2135.85","84","11","2512","20.4","Tournaisien-A","85","6 - 7"
"2137","2136.85","83","12","2512","20.8","Tournaisien-A","85","6 - 7"
"2138","2137.85","82","13","2512","22.4","Tournaisien-A","85","6 - 7"
"2139","2138.85","81","13","2511","22.4","Tournaisien-A","85","6 - 7"
"2140","2139.85","81","12","2507","23","Tournaisien-A","85","6 - 7"
"2141","2140.85","82","11","2505","23.9","Tournaisien-A","85","6 - 7"
"2142","2141.85","84","10","2505","19.6","Tournaisien-A","85","6 - 7"
"2143","2142.85","83","8","2503","17.9","Tournaisien-A","85","6 - 7"
"2144","2143.85","81","13","2507","26.3","Tournaisien-A","85","6 - 7"
"2145","2144.85","80","13","2508","28.9","Tournaisien-A","85","6 - 7"
"2146","2145.85","87","13","2507","17","Tournaisien-A","85","6 - 7"
"2147","2146.85","84","13","2507","24.5","Tournaisien-A","85","6 - 7"
"2148","2147.85","83","14","2506","25.5","Tournaisien-A","85","6 - 7"
"2149","2148.85","81","14","2507","27","Tournaisien-A","85","6 - 7"
"2150","2149.85","82","13","2509","28.1","Tournaisien-A","85","6 - 7"
"2151","2150.85","88","11","2507","22.5","Tournaisien-A","85","6 - 7"
"2152","2151.85","84","11","2507","20.5","Tournaisien-A","85","6 - 7"
"2153","2152.85","91","8","2513","13","Tournaisien-A","85","6 - 7"
"2154","2153.85","90","11","2516","16.5","Tournaisien-A","85","6 - 7"
"2155","2154.85","86","13","2515","19.6","Tournaisien-A","85","6 - 7"
"2156","2155.85","88","12","2514","17.4","Tournaisien-A","85","6 - 7"
"2157","2156.85","92","11","2515","20.1","Tournaisien-A","85","6 - 7"
"2158","2157.85","88","12","2514","21.6","Tournaisien-A","85","6 - 7"
"2159","2158.85","88","12","2513","21.8","Tournaisien-A","85","6 - 7"
"2160","2159.85","90","10","2514","20.3","Tournaisien-A","85","6 - 7"
"2161","2160.85","90","10","2515","20","Tournaisien-A","85","6 - 7"
"2162","2161.85","91","9","2515","10.3","Tournaisien-A","85","6 - 7"
"2163","2162.85","89","10","2504","19.7","Tournaisien-A","85","6 - 7"
"2164","2163.85","93","11","2504","22.2","Tournaisien-A","85","6 - 7"
"2165","2164.85","95","13","2505","21.1","Tournaisien-A","85","6 - 7"
"2166","2165.85","96","11","2504","21","Tournaisien-A","85","6 - 7"
"2167","2166.85","97","11","2505","21","Tournaisien-A","85","6 - 7"
"2168","2167.85","98","10","2504","18.3","Tournaisien-A","85","6 - 7"
"2169","2168.85","95","11","2504","24.5","Tournaisien-A","85","6 - 7"
"2170","2169.85","95","10","2506","23","Tournaisien-A","85","6 - 7"
"2171","2170.85","96","11","2505","21.3","Tournaisien-A","85","6 - 7"
"2172","2171.85","90","12","2505","12.7","Tournaisien-A","85","6 - 7"
"2173","2172.85","91","13","2504","20","Tournaisien-A","85","6 - 7"
"2174","2173.84","94","11","2505","16.4","Tournaisien-A","85","6 - 7"
"2175","2174.84","93","11","2506","14.4","Tournaisien-A","85","6 - 7"
"2176","2175.84","89","13","2503","20.7","Tournaisien-A","85","6 - 7"
"2177","2176.84","87","14","2504","25.8","Tournaisien-A","85","6 - 7"
"2178","2177.84","87","14","2505","24.4","Tournaisien-A","85","6 - 7"
"2179","2178.84","89","14","2505","23.8","Tournaisien-A","85","6 - 7"
"2180","2179.84","87","16","2505","20.2","Tournaisien-A","85","6 - 7"
"2181","2180.84","87","12","2514","14.1","Tournaisien-A","85","6 - 7"
"2182","2181.84","85","14","2523","23.4","Tournaisien-A","85","6 - 7"
"2183","2182.84","86","12","2521","19.9","Tournaisien-A","85","6 - 7"
"2184","2183.84","87","13","2520","17.6","Tournaisien-A","85","6 - 7"
"2185","2184.84","91","10","2520","16.9","Tournaisien-A","85","6 - 7"
"2186","2185.84","86","13","2519","23.7","Tournaisien-A","85","6 - 7"
"2187","2186.84","87","12","2521","19","Tournaisien-A","85","6 - 7"
"2188","2187.84","83","13","2522","25.1","Tournaisien-A","85","6 - 7"
"2189","2188.84","86","12","2525","20.4","Tournaisien-A","85","6 - 7"
"2190","2189.84","85","11","2518","14.2","Tournaisien-A","85","6 - 7"
"2191","2190.84","85","13","2503","25.4","Tournaisien-A","85","6 - 7"
"2192","2191.84","82","14","2504","25.4","Tournaisien-A","85","6 - 7"
"2193","2192.84","83","14","2503","26.6","Tournaisien-A","85","6 - 7"
"2194","2193.84","86","13","2503","20.6","Tournaisien-A","85","6 - 7"
"2195","2194.84","83","14","2503","26","Tournaisien-A","85","6 - 7"
"2196","2195.84","86","14","2504","22.5","Tournaisien-A","85","6 - 7"
"2197","2196.84","87","14","2505","16","Tournaisien-A","85","6 - 7"
"2198","2197.84","88","12","2506","17","Tournaisien-A","85","6 - 7"
"2199","2198.84","85","13","2508","25","Tournaisien-A","85","6 - 7"
"2200","2199.84","96","7","2506","8.6","Tournaisien-A","85","6 - 7"
"2201","2200.84","94","9","2494","14.5","Tournaisien-A","85","6 - 7"
"2202","2201.84","82","8","2481","6.5","Tournaisien-A","85","6 - 7"
"2203","2202.84","92","10","2476","20.7","Tournaisien-A","85","6 - 7"
"2204","2203.84","95","9","2484","15.2","Tournaisien-A","85","6 - 7"
"2205","2204.84","93","8","2501","16.1","Tournaisien-A","85","6 - 7"
"2206","2205.84","90","10","2507","18.2","Tournaisien-A","85","6 - 7"
"2207","2206.84","87","10","2509","20.6","Tournaisien-A","85","6 - 7"
"2208","2207.84","94","9","2507","15.4","Tournaisien-A","85","6 - 7"
"2209","2208.84","93","7","2507","9.9","Tournaisien-A","85","6 - 7"
"2210","2209.84","81","9","2501","19.7","Tournaisien-A","85","6 - 7"
"2211","2210.84","85","9","2500","10.4","Tournaisien-A","85","6 - 7"
"2212","2211.84","84","8","2496","15.5","Tournaisien-A","85","6 - 7"
"2213","2212.84","88","8","2497","15","Tournaisien-A","85","6 - 7"
"2214","2213.84","88","8","2490","12.2","Tournaisien-A","85","6 - 7"
"2215","2214.84","86","8","2497","15.8","Tournaisien-A","85","6 - 7"
"2216","2215.84","83","9","2495","19.6","Tournaisien-A","85","6 - 7"
"2217","2216.84","86","8","2499","16.4","Tournaisien-A","85","6 - 7"
"2218","2217.84","85","8","2502","10.4","Tournaisien-A","85","6 - 7"
"2219","2218.84","87","8","2495","19.6","Tournaisien-A","85","6 - 7"
"2220","2219.84","95","6","2501","11.7","Tournaisien-A","85","6 - 7"
"2221","2220.84","92","8","2503","13.8","Tournaisien-A","85","6 - 7"
"2222","2221.84","87","8","2504","15.9","Tournaisien-A","85","6 - 7"
"2223","2222.84","87","8","2500","18.1","Tournaisien-A","85","6 - 7"
"2224","2223.84","88","8","2509","18","Tournaisien-A","85","6 - 7"
"2225","2224.84","84","9","2512","21","Tournaisien-A","85","6 - 7"
"2226","2225.84","87","8","2510","16.4","Tournaisien-A","85","6 - 7"
"2227","2226.84","84","10","2507","21","Tournaisien-A","85","6 - 7"
"2228","2227.84","89","7","2505","9.3","Tournaisien-A","85","6 - 7"
"2229","2228.84","82","9","2501","21.3","Tournaisien-A","85","6 - 7"
"2230","2229.84","84","8","2501","18.3","Tournaisien-A","85","6 - 7"
"2231","2230.84","61","5","1804","2.9","Tournaisien-A","85","6 - 7"
"2232","2231.84","68","4","1752","4.3","Tournaisien-A","85","6 - 7"
"2233","2232.84","66","5","1800","4.5","Tournaisien-A","85","6 - 7"
"2234","2233.84","67","6","1803","5.3","Tournaisien-A","85","6 - 7"
"2235","2234.84","68","6","1803","5.4","Tournaisien-A","85","6 - 7"
"2236","2235.84","68","5","1803","5.3","Tournaisien-A","85","6 - 7"
"2237","2236.84","65","6","1805","5.1","Tournaisien-A","85","6 - 7"
"2238","2237.84","67","6","1808","5.4","Tournaisien-A","85","6 - 7"
"2239","2238.84","69","5","1812","4.7","Tournaisien-A","85","6 - 7"
"2240","2239.84","70","5","1817","4.8","Tournaisien-A","85","6 - 7"
"2241","2240.84","69","5","1814","5.5","Tournaisien-A","85","6 - 7"
"2242","2241.84","69","5","1819","5.4","Tournaisien-A","85","6 - 7"
"2243","2242.84","69","5","1814","5.2","Tournaisien-A","85","6 - 7"
"2244","2243.84","69","5","1814","5.3","Tournaisien-A","85","6 - 7"
"2245","2244.83","69","5","1816","5.7","Tournaisien-A","85","6 - 7"
"2246","2245.83","68","5","1814","5","Tournaisien-A","85","6 - 7"
"2247","2246.83","67","6","1812","6","Tournaisien-A","85","6 - 7"
"2248","2247.83","67","6","1817","5.4","Tournaisien-A","85","6 - 7"
"2249","2248.83","68","5","1818","4.8","Tournaisien-A","85","6 - 7"
"2250","2249.83","69","5","1819","5.1","Tournaisien-A","85","6 - 7"
"2251","2250.83","73","3","1824","4.1","Tournaisien-A","85","6 - 7"
"2252","2251.83","70","3","1835","5.3","Tournaisien-A","85","6 - 7"
"2253","2252.83","68","4","1840","6.5","Tournaisien-A","85","6 - 7"
"2254","2253.83","69","4","1840","6","Tournaisien-A","85","6 - 7"
"2255","2254.83","69","4","1838","4.8","Tournaisien-A","85","6 - 7"
"2256","2255.83","67","4","1796","5.8","Tournaisien-A","85","6 - 7"
"2257","2256.83","62","5","1794","9.7","Tournaisien-A","85","6 - 7"
"2258","2257.83","61","6","1793","9.3","Tournaisien-A","85","6 - 7"
"2259","2258.83","61","6","1795","9.9","Tournaisien-A","85","6 - 7"
"2260","2259.83","74","6","1794","12","Tournaisien-A","85","6 - 7"
"2261","2260.83","83","10","1793","17.9","Tournaisien-A","85","6 - 7"
"2262","2261.83","86","9","1793","16.6","Tournaisien-A","85","6 - 7"
"2263","2262.83","86","10","1793","15.1","Tournaisien-A","85","6 - 7"
"2264","2263.83","86","9","1791","17.8","Reservoir F2","58","4 - 5"
"2265","2264.83","85","7","1794","11.3","Reservoir F2","58","4 - 5"
"2266","2265.83","83","9","1789","9.4","Reservoir F2","58","4 - 5"
"2267","2266.83","90","9","1783","16.3","Reservoir F2","58","4 - 5"
"2268","2267.83","87","9","1785","20.4","Reservoir F2","58","4 - 5"
"2269","2268.83","87","10","1784","20.5","Reservoir F2","58","4 - 5"
"2270","2269.83","87","10","1784","18.6","Reservoir F2","58","4 - 5"
"2271","2270.83","94","5","1783","10.9","Reservoir F2","58","4 - 5"
"2272","2271.83","90","8","1789","9.4","Reservoir F2","58","4 - 5"
"2273","2272.83","92","6","1796","16.4","Reservoir F2","58","4 - 5"
"2274","2273.82","89","6","1800","10.9","Reservoir F2","58","4 - 5"
"2275","2274.82","94","5","1804","12.3","Reservoir F2","58","4 - 5"
"2276","2275.82","90","6","1804","16.9","Reservoir F2","58","4 - 5"
"2277","2276.82","89","7","1801","13.9","Reservoir F2","58","4 - 5"
"2278","2277.82","91","4","1798","9.2","Reservoir F2","58","4 - 5"
"2279","2278.82","91","6","1796","10.5","Reservoir F2","58","4 - 5"
"2280","2279.82","90","6","1798","12.3","Reservoir F2","58","4 - 5"
"2281","2280.82","90","6","1795","10.8","Reservoir F2","58","4 - 5"
"2282","2281.82","91","7","1794","10","Reservoir F2","58","4 - 5"
"2283","2282.82","88","6","1801","6.6","Reservoir F2","58","4 - 5"
"2284","2283.82","85","9","1791","13.4","Reservoir F2","58","4 - 5"
"2285","2284.82","89","8","1790","12","Reservoir F2","58","4 - 5"
"2286","2285.82","88","8","1790","16.6","Reservoir F2","58","4 - 5"
"2287","2286.82","89","9","1790","14","Reservoir F2","58","4 - 5"
"2288","2287.82","90","7","1789","10.9","Reservoir F2","58","4 - 5"
"2289","2288.82","93","6","1784","13.2","Reservoir F2","58","4 - 5"
"2290","2289.82","90","8","1787","8.3","Reservoir F2","58","4 - 5"
"2291","2290.82","84","9","1794","17.7","Reservoir F2","58","4 - 5"
"2292","2291.82","88","8","1795","15.7","Reservoir F2","58","4 - 5"
"2293","2292.82","79","7","1801","9.7","Reservoir F2","58","4 - 5"
"2294","2293.82","73","8","1800","10.3","Reservoir F2","58","4 - 5"
"2295","2294.82","76","9","1786","14.7","Reservoir F2","58","4 - 5"
"2296","2295.82","80","9","1786","15.5","Reservoir F2","58","4 - 5"
"2297","2296.82","79","10","1785","14.9","Reservoir F2","58","4 - 5"
"2298","2297.82","79","10","1783","15.3","Reservoir F2","58","4 - 5"
"2299","2298.82","78","10","1783","16.1","Reservoir F2","58","4 - 5"
"2300","2299.82","79","10","1786","13.9","Reservoir F2","58","4 - 5"
"2301","2300.82","74","10","1775","15.8","Reservoir F2","58","4 - 5"
"2302","2301.82","78","6","1779","11.9","Reservoir F2","58","4 - 5"
"2303","2302.81","82","8","1776","16.2","Reservoir F2","58","4 - 5"
"2304","2303.81","83","9","1777","15.7","Reservoir F2","58","4 - 5"
"2305","2304.81","83","9","1775","15.1","Reservoir F2","58","4 - 5"
"2306","2305.81","83","9","1774","14.8","Reservoir F2","58","4 - 5"
"2307","2306.81","83","8","1774","16.8","Reservoir F2","58","4 - 5"
"2308","2307.81","84","9","1774","12.3","Reservoir F2","58","4 - 5"
"2309","2308.81","83","8","1773","13.2","Reservoir F2","58","4 - 5"
"2310","2309.81","85","8","1772","13.7","Sèrie Argileuse sup","22","1,5 - 2,5"
"2311","2310.81","85","8","1769","11.7","Sèrie Argileuse sup","22","1,5 - 2,5"
"2312","2311.81","80","4","1765","13.9","Sèrie Argileuse sup","22","1,5 - 2,5"
"2313","2312.81","73","7","1771","11.7","Sèrie Argileuse sup","22","1,5 - 2,5"
"2314","2313.81","71","9","1772","13.6","Sèrie Argileuse sup","22","1,5 - 2,5"
"2315","2314.81","70","9","1772","14.4","Sèrie Argileuse sup","22","1,5 - 2,5"
"2316","2315.81","71","9","1772","12.9","Sèrie Argileuse sup","22","1,5 - 2,5"
"2317","2316.81","73","9","1771","12.6","Sèrie Argileuse sup","22","1,5 - 2,5"
"2318","2317.81","72","9","1770","12.1","Sèrie Argileuse sup","22","1,5 - 2,5"
"2319","2318.81","71","9","1769","13.3","Sèrie Argileuse sup","22","1,5 - 2,5"
"2320","2319.81","71","9","1771","12.8","Sèrie Argileuse sup","22","1,5 - 2,5"
"2321","2320.81","71","9","1771","12.3","Sèrie Argileuse sup","22","1,5 - 2,5"
"2322","2321.81","83","7","1747","8.1","Sèrie Argileuse sup","22","1,5 - 2,5"
"2323","2322.81","82","9","1776","16.4","Sèrie Argileuse sup","22","1,5 - 2,5"
"2324","2323.81","81","10","1775","17.9","Sèrie Argileuse sup","22","1,5 - 2,5"
"2325","2324.81","81","9","1774","15.9","Sèrie Argileuse sup","22","1,5 - 2,5"
"2326","2325.81","80","10","1776","17.4","Sèrie Argileuse sup","22","1,5 - 2,5"
"2327","2326.81","80","9","1773","17.6","Sèrie Argileuse sup","22","1,5 - 2,5"
"2328","2327.81","81","9","1773","15","Sèrie Argileuse sup","22","1,5 - 2,5"
"2329","2328.81","81","10","1771","15.3","Sèrie Argileuse sup","22","1,5 - 2,5"
"2330","2329.81","80","10","1769","15.2","Sèrie Argileuse sup","22","1,5 - 2,5"
"2331","2330.81","90","3","1769","16.5","Sèrie Argileuse sup","22","1,5 - 2,5"
"2332","2331.8","80","6","1775","16.5","Sèrie Argileuse sup","22","1,5 - 2,5"
"2333","2332.8","75","10","1777","14.6","Sèrie Argileuse sup","22","1,5 - 2,5"
"2334","2333.8","75","10","1779","15.8","Sèrie Argileuse sup","22","1,5 - 2,5"
"2335","2334.8","75","10","1780","15.5","Sèrie Argileuse sup","22","1,5 - 2,5"
"2336","2335.8","75","10","1780","16.2","Sèrie Argileuse sup","22","1,5 - 2,5"
"2337","2336.8","76","10","1783","15.4","Sèrie Argileuse sup","22","1,5 - 2,5"
"2338","2337.8","75","10","1794","15","Sèrie Argileuse sup","22","1,5 - 2,5"
"2339","2338.8","73","10","1782","15.7","Sèrie Argileuse sup","22","1,5 - 2,5"
"2340","2339.8","72","10","1778","15.7","Sèrie Argileuse sup","22","1,5 - 2,5"
"2341","2340.8","76","7","1786","11","Sèrie Argileuse sup","22","1,5 - 2,5"
"2342","2341.8","85","8","1805","15.1","Sèrie Argileuse sup","22","1,5 - 2,5"
"2343","2342.8","83","9","1804","15.1","Sèrie Argileuse sup","22","1,5 - 2,5"
"2344","2343.8","81","9","1803","17.3","Sèrie Argileuse sup","22","1,5 - 2,5"
"2345","2344.8","81","9","1805","16.3","Sèrie Argileuse sup","22","1,5 - 2,5"
"2346","2345.8","83","10","1804","12.2","Sèrie Argileuse sup","22","1,5 - 2,5"
"2347","2346.8","80","10","1804","15.2","Sèrie Argileuse sup","22","1,5 - 2,5"
"2348","2347.8","81","9","1802","15","Sèrie Argileuse sup","22","1,5 - 2,5"
"2349","2348.8","81","9","1801","14.1","Sèrie Argileuse sup","22","1,5 - 2,5"
"2350","2349.8","80","10","1801","15.5","Sèrie Argileuse sup","22","1,5 - 2,5"
"2351","2350.8","79","8","1788","11.5","Sèrie Argileuse sup","22","1,5 - 2,5"
"2352","2351.8","79","9","1783","15.7","Sèrie Argileuse sup","22","1,5 - 2,5"
"2353","2352.8","80","9","1784","12.3","Sèrie Argileuse sup","22","1,5 - 2,5"
"2354","2353.8","82","8","1785","10.5","Sèrie Argileuse sup","22","1,5 - 2,5"
"2355","2354.8","81","8","1784","11.3","Sèrie Argileuse sup","22","1,5 - 2,5"
"2356","2355.8","82","7","1783","13.1","Sèrie Argileuse sup","22","1,5 - 2,5"
"2357","2356.8","83","8","1782","11.6","Sèrie Argileuse sup","22","1,5 - 2,5"
"2358","2357.8","86","8","1781","7.5","Sèrie Argileuse sup","22","1,5 - 2,5"
"2359","2358.8","82","7","1782","10.9","Sèrie Argileuse sup","22","1,5 - 2,5"
"2360","2359.8","79","6","1788","6.9","Sèrie Argileuse sup","22","1,5 - 2,5"
"2361","2360.79","83","8","1794","13.6","Sèrie Argileuse sup","22","1,5 - 2,5"
"2362","2361.79","83","8","1797","12.9","Sèrie Argileuse sup","22","1,5 - 2,5"
"2363","2362.79","79","8","1797","12.8","Sèrie Argileuse sup","22","1,5 - 2,5"
"2364","2363.79","78","8","1795","11.9","Sèrie Argileuse sup","22","1,5 - 2,5"
"2365","2364.79","76","8","1794","12","Sèrie Argileuse sup","22","1,5 - 2,5"
"2366","2365.79","80","8","1792","6.6","Sèrie Argileuse sup","22","1,5 - 2,5"
"2367","2366.79","79","6","1793","6.8","Sèrie Argileuse sup","22","1,5 - 2,5"
"2368","2367.79","75","6","1793","11.3","Sèrie Argileuse sup","22","1,5 - 2,5"
"2369","2368.79","85","5","1774","6.8","Sèrie Argileuse sup","22","1,5 - 2,5"
"2370","2369.79","88","9","1788","11.9","Sèrie Argileuse sup","22","1,5 - 2,5"
"2371","2370.79","85","9","1797","12.6","Sèrie Argileuse sup","22","1,5 - 2,5"
"2372","2371.79","84","9","1799","15.3","Sèrie Argileuse sup","22","1,5 - 2,5"
"2373","2372.79","84","9","1816","14.5","Sèrie Argileuse sup","22","1,5 - 2,5"
"2374","2373.79","83","10","1817","17.5","Sèrie Argileuse sup","22","1,5 - 2,5"
"2375","2374.79","83","9","1816","14.2","Sèrie Argileuse sup","22","1,5 - 2,5"
"2376","2375.79","84","9","1815","14","Sèrie Argileuse sup","22","1,5 - 2,5"
"2377","2376.79","84","9","1816","15.6","Sèrie Argileuse sup","22","1,5 - 2,5"
"2378","2377.79","86","7","1816","7.4","Sèrie Argileuse sup","22","1,5 - 2,5"
"2379","2378.79","80","9","1804","10.2","Sèrie Argileuse sup","22","1,5 - 2,5"
"2380","2379.79","80","8","1805","10.3","Sèrie Argileuse sup","22","1,5 - 2,5"
"2381","2380.79","80","7","1805","14.6","Sèrie Argileuse sup","22","1,5 - 2,5"
"2382","2381.79","81","9","1803","14.3","Sèrie Argileuse sup","22","1,5 - 2,5"
"2383","2382.79","82","9","1801","18.3","Sèrie Argileuse sup","22","1,5 - 2,5"
"2384","2383.79","85","9","1801","9.4","Sèrie Argileuse sup","22","1,5 - 2,5"
"2385","2384.79","83","9","1802","12.2","Sèrie Argileuse sup","22","1,5 - 2,5"
"2386","2385.79","84","9","1803","11.1","Sèrie Argileuse sup","22","1,5 - 2,5"
"2387","2386.79","86","8","1803","9.7","Sèrie Argileuse sup","22","1,5 - 2,5"
"2388","2387.79","84","7","1801","10.4","Sèrie Argileuse sup","22","1,5 - 2,5"
"2389","2388.79","87","10","1796","10","Sèrie Argileuse sup","22","1,5 - 2,5"
"2390","2389.78","87","9","1797","9.7","Sèrie Argileuse sup","22","1,5 - 2,5"
"2391","2390.78","88","10","1799","9.2","Sèrie Argileuse sup","22","1,5 - 2,5"
"2392","2391.78","87","10","1798","10.6","Sèrie Argileuse sup","22","1,5 - 2,5"
"2393","2392.78","86","10","1798","12.5","Sèrie Argileuse sup","22","1,5 - 2,5"
"2394","2393.78","84","10","1799","12.4","Sèrie Argileuse sup","22","1,5 - 2,5"
"2395","2394.78","84","11","1801","14.5","Sèrie Argileuse sup","22","1,5 - 2,5"
"2396","2395.78","84","10","1801","11","Sèrie Argileuse sup","22","1,5 - 2,5"
"2397","2396.78","84","10","1801","12","Sèrie Argileuse sup","22","1,5 - 2,5"
"2398","2397.78","81","11","1800","18.9","Sèrie Argileuse sup","22","1,5 - 2,5"
"2399","2398.78","80","11","1801","14.5","Sèrie Argileuse sup","22","1,5 - 2,5"
"2400","2399.78","81","11","1802","17.6","Sèrie Argileuse sup","22","1,5 - 2,5"
"2401","2400.78","80","12","1801","17.9","Sèrie Argileuse sup","22","1,5 - 2,5"
"2402","2401.78","81","11","1801","17.3","Sèrie Argileuse sup","22","1,5 - 2,5"
"2403","2402.78","84","9","1802","12.2","Sèrie Argileuse sup","22","1,5 - 2,5"
"2404","2403.78","82","11","1801","15.7","Sèrie Argileuse sup","22","1,5 - 2,5"
"2405","2404.78","83","9","1798","7.4","Sèrie Argileuse sup","22","1,5 - 2,5"
"2406","2405.78","85","9","1788","17.5","Sèrie Argileuse sup","22","1,5 - 2,5"
"2407","2406.78","82","9","1785","14.8","Sèrie Argileuse sup","22","1,5 - 2,5"
"2408","2407.78","82","9","1786","16.9","Sèrie Argileuse sup","22","1,5 - 2,5"
"2409","2408.78","84","8","1788","15.1","Sèrie Argileuse sup","22","1,5 - 2,5"
"2410","2409.78","82","9","1788","17.3","Sèrie Argileuse sup","22","1,5 - 2,5"
"2411","2410.78","82","9","1788","19.1","Sèrie Argileuse sup","22","1,5 - 2,5"
"2412","2411.78","79","12","1789","22.9","Sèrie Argileuse sup","22","1,5 - 2,5"
"2413","2412.78","80","11","1790","19.9","Sèrie Argileuse sup","22","1,5 - 2,5"
"2414","2413.78","79","11","1790","20.1","Sèrie Argileuse sup","22","1,5 - 2,5"
"2415","2414.78","82","11","1791","13.1","Sèrie Argileuse sup","22","1,5 - 2,5"
"2416","2415.78","89","7","1787","12.9","Sèrie Argileuse sup","22","1,5 - 2,5"
"2417","2416.78","84","11","1787","15.7","Sèrie Argileuse sup","22","1,5 - 2,5"
"2418","2417.78","83","10","1789","16.3","Sèrie Argileuse sup","22","1,5 - 2,5"
"2419","2418.77","81","11","1790","18.3","Sèrie Argileuse sup","22","1,5 - 2,5"
"2420","2419.77","83","11","1791","12.6","Sèrie Argileuse sup","22","1,5 - 2,5"
"2421","2420.77","82","10","1792","14.8","Sèrie Argileuse sup","22","1,5 - 2,5"
"2422","2421.77","84","9","1788","14","Sèrie Argileuse sup","22","1,5 - 2,5"
"2423","2422.77","84","10","1791","15.5","Sèrie Argileuse sup","22","1,5 - 2,5"
"2424","2423.77","82","10","1792","19.4","Sèrie Argileuse sup","22","1,5 - 2,5"
"2425","2424.77","84","10","1792","6.7","Sèrie Argileuse sup","22","1,5 - 2,5"
"2426","2425.77","75","10","1772","9","Sèrie Argileuse sup","22","1,5 - 2,5"
"2427","2426.77","71","11","1773","8","Sèrie Argileuse sup","22","1,5 - 2,5"
"2428","2427.77","71","11","1772","9.6","Sèrie Argileuse sup","22","1,5 - 2,5"
"2429","2428.77","69","11","1772","15.5","Sèrie Argileuse sup","22","1,5 - 2,5"
"2430","2429.77","73","12","1772","6.1","Sèrie Argileuse sup","22","1,5 - 2,5"
"2431","2430.77","71","12","1770","5.2","Sèrie Argileuse sup","22","1,5 - 2,5"
"2432","2431.77","70","10","1772","8.7","Sèrie Argileuse sup","22","1,5 - 2,5"
"2433","2432.77","62","6","1780","5.1","Sèrie Argileuse sup","22","1,5 - 2,5"
"2434","2433.77","62","6","1776","6.6","Sèrie Argileuse sup","22","1,5 - 2,5"
"2435","2434.77","63","5","1779","7","Sèrie Argileuse sup","22","1,5 - 2,5"
"2436","2435.77","64","6","1782","5","Sèrie Argileuse sup","22","1,5 - 2,5"
"2437","2436.77","67","6","1783","3.5","Sèrie Argileuse sup","22","1,5 - 2,5"
"2438","2437.77","63","6","1782","6.9","Sèrie Argileuse sup","22","1,5 - 2,5"
"2439","2438.77","63","6","1781","8.5","Sèrie Argileuse sup","22","1,5 - 2,5"
"2440","2439.77","64","6","1781","7.7","Sèrie Argileuse sup","22","1,5 - 2,5"
"2441","2440.77","65","5","1780","6.4","Sèrie Argileuse sup","22","1,5 - 2,5"
"2442","2441.77","65","6","1780","6.2","Sèrie Argileuse sup","22","1,5 - 2,5"
"2443","2442.77","64","5","1781","7.6","Sèrie Argileuse sup","22","1,5 - 2,5"
"2444","2443.77","64","5","1782","5.9","Sèrie Argileuse sup","22","1,5 - 2,5"
"2445","2444.77","64","7","1783","7.1","Sèrie Argileuse sup","22","1,5 - 2,5"
"2446","2445.77","62","7","1782","8","Sèrie Argileuse sup","22","1,5 - 2,5"
"2447","2446.77","64","7","1780","7.1","Sèrie Argileuse sup","22","1,5 - 2,5"
"2448","2447.76","62","7","1779","8.5","Sèrie Argileuse sup","22","1,5 - 2,5"
"2449","2448.76","63","7","1780","8.3","Sèrie Argileuse sup","22","1,5 - 2,5"
"2450","2449.76","61","8","1781","7.6","Sèrie Argileuse sup","22","1,5 - 2,5"
"2451","2450.76","62","7","1777","5.6","Sèrie Argileuse sup","22","1,5 - 2,5"
"2452","2451.76","63","6","1772","6.3","Sèrie Argileuse sup","22","1,5 - 2,5"
"2453","2452.76","63","6","1778","4.5","Sèrie Argileuse sup","22","1,5 - 2,5"
"2454","2453.76","58","5","1768","4.5","Sèrie Argileuse sup","22","1,5 - 2,5"
"2455","2454.76","72","6","1759","5.6","Reservoir F6 (A-B)","62","5 - 5,5"
"2456","2455.76","86","8","1785","8.8","Reservoir F6 (A-B)","62","5 - 5,5"
"2457","2456.76","82","9","1786","17.4","Reservoir F6 (A-B)","62","5 - 5,5"
"2458","2457.76","81","10","1784","14.7","Reservoir F6 (A-B)","62","5 - 5,5"
"2459","2458.76","79","10","1789","14.3","Reservoir F6 (A-B)","62","5 - 5,5"
"2460","2459.76","80","10","1784","14.4","Reservoir F6 (A-B)","62","5 - 5,5"
"2461","2460.76","82","10","1778","10.4","Reservoir F6 (A-B)","62","5 - 5,5"
"2462","2461.76","85","9","1768","6.9","Reservoir F6 (A-B)","62","5 - 5,5"
"2463","2462.76","79","7","1628","6.9","Reservoir F6 (A-B)","62","5 - 5,5"
"2464","2463.76","83","9","1592","8.9","Reservoir F6 (A-B)","62","5 - 5,5"
"2465","2464.76","78","9","1595","13.3","Reservoir F6 (A-B)","62","5 - 5,5"
"2466","2465.76","71","8","1595","9.5","Reservoir F6 (A-B)","62","5 - 5,5"
"2467","2466.76","72","5","1595","4.2","Reservoir F6 (A-B)","62","5 - 5,5"
"2468","2467.76","78","8","1596","7.3","Reservoir F6 (A-B)","62","5 - 5,5"
"2469","2468.76","76","7","1593","8.9","Reservoir F6 (A-B)","62","5 - 5,5"
"2470","2469.76","86","4","1602","5.4","Reservoir F6 (A-B)","62","5 - 5,5"
"2471","2470.76","90","6","1607","6.2","Reservoir F6 (A-B)","62","5 - 5,5"
"2472","2471.76","93","6","1608","7.3","Reservoir F6 (A-B)","62","5 - 5,5"
"2473","2472.76","75","2","1592","7","Reservoir F6 (A-B)","62","5 - 5,5"
"2474","2473.76","93","4","1597","4.5","Reservoir F6 (A-B)","62","5 - 5,5"
"2475","2474.76","95","8","1596","5.8","Reservoir F6 (A-B)","62","5 - 5,5"
"2476","2475.76","99","10","1598","10.4","Reservoir F6 (A-B)","62","5 - 5,5"
"2477","2476.75","99","10","1596","9.3","Reservoir F6 (A-B)","62","5 - 5,5"
"2478","2477.75","98","9","1595","9.2","Reservoir F6 (A-B)","62","5 - 5,5"
"2479","2478.75","98","10","1594","11.5","Reservoir F6 (A-B)","62","5 - 5,5"
"2480","2479.75","92","9","1592","28.4","Reservoir F6 (A-B)","62","5 - 5,5"
"2481","2480.75","89","10","1590","24","Reservoir F6 (A-B)","62","5 - 5,5"
"2482","2481.75","91","9","1591","9.3","Reservoir F6 (A-B)","62","5 - 5,5"
"2483","2482.75","87","9","1602","12.6","Reservoir F6 (A-B)","62","5 - 5,5"
"2484","2483.75","77","9","1610","7.6","Reservoir F6 (A-B)","62","5 - 5,5"
"2485","2484.75","87","9","1613","6.2","Reservoir F6 (A-B)","62","5 - 5,5"
"2486","2485.75","82","10","1610","15.8","Reservoir F6 (A-B)","62","5 - 5,5"
"2487","2486.75","82","10","1609","17.3","Reservoir F6 (A-B)","62","5 - 5,5"
"2488","2487.75","82","10","1608","17.1","Reservoir F6 (A-B)","62","5 - 5,5"
"2489","2488.75","82","10","1608","18.8","Reservoir F6 (A-B)","62","5 - 5,5"
"2490","2489.75","82","7","1604","41.4","Reservoir F6 (A-B)","62","5 - 5,5"
"2491","2490.75","80","10","1605","20.2","Reservoir F6 (A-B)","62","5 - 5,5"
"2492","2491.75","85","8","1603","4.6","Reservoir F6 (A-B)","62","5 - 5,5"
"2493","2492.75","79","9","1593","10.9","Reservoir F6 (A-B)","62","5 - 5,5"
"2494","2493.75","77","7","1589","16.4","Reservoir F6 (A-B)","62","5 - 5,5"
"2495","2494.75","76","7","1605","37.4","Reservoir F6(M1-M2)","65","5 - 6"
"2496","2495.75","80","8","1602","24.9","Reservoir F6(M1-M2)","65","5 - 6"
"2497","2496.75","84","9","1595","9.4","Reservoir F6(M1-M2)","65","5 - 6"
"2498","2497.75","83","10","1612","9.6","Reservoir F6(M1-M2)","65","5 - 6"
"2499","2498.75","80","8","1618","18.6","Reservoir F6(M1-M2)","65","5 - 6"
"2500","2499.75","79","7","1619","24.3","Reservoir F6(M1-M2)","65","5 - 6"
"2501","2500.75","81","9","1605","9.1","Reservoir F6(M1-M2)","65","5 - 6"
"2502","2501.75","86","9","1587","5.9","Reservoir F6(M1-M2)","65","5 - 6"
"2503","2502.75","81","8","1595","13.6","Reservoir F6(M1-M2)","65","5 - 6"
"2504","2503.75","89","6","1597","17.8","Reservoir F6(M1-M2)","65","5 - 6"
"2505","2504.75","90","7","1602","22.6","Reservoir F6(M1-M2)","65","5 - 6"
"2506","2505.74","91","8","1599","15.1","Reservoir F6(M1-M2)","65","5 - 6"
"2507","2506.74","93","8","1600","12.5","Reservoir F6(M1-M2)","65","5 - 6"
"2508","2507.74","94","8","1600","11.8","Reservoir F6(M1-M2)","65","5 - 6"
"2509","2508.74","94","7","1599","12.4","Reservoir F6(M1-M2)","65","5 - 6"
"2510","2509.74","94","8","1598","13.4","Reservoir F6(M1-M2)","65","5 - 6"
"2511","2510.74","88","6","1596","10.4","Reservoir F6(M1-M2)","65","5 - 6"
"2512","2511.74","78","8","1597","14.3","Reservoir F6(M1-M2)","65","5 - 6"
"2513","2512.74","79","7","1597","12.6","Reservoir F6(M1-M2)","65","5 - 6"
"2514","2513.74","78","8","1597","15.3","Reservoir F6(M1-M2)","65","5 - 6"
"2515","2514.74","80","7","1596","14.2","Reservoir F6(M1-M2)","65","5 - 6"
"2516","2515.74","81","7","1596","9.6","Reservoir F6(M1-M2)","65","5 - 6"
"2517","2516.74","80","7","1594","13.2","Reservoir F6(M1-M2)","65","5 - 6"
"2518","2517.74","80","9","1593","7.9","Reservoir F6(M1-M2)","65","5 - 6"
"2519","2518.74","76","9","1592","15.2","Reservoir F6(M1-M2)","65","5 - 6"
"2520","2519.74","77","8","1592","8.2","Reservoir F6(M1-M2)","65","5 - 6"
"2521","2520.74","80","9","1603","19.1","Reservoir F6(M1-M2)","65","5 - 6"
"2522","2521.74","85","9","1604","13","Reservoir F6(M1-M2)","65","5 - 6"
"2523","2522.74","84","9","1600","13","Reservoir F6(M1-M2)","65","5 - 6"
"2524","2523.74","82","10","1592","12.1","Reservoir F6(M1-M2)","65","5 - 6"
"2525","2524.74","85","9","1586","8.7","Reservoir F6(M1-M2)","65","5 - 6"
"2526","2525.74","84","10","1586","11.8","Reservoir F6(M1-M2)","65","5 - 6"
"2527","2526.74","87","9","1586","13.5","Reservoir F6(M1-M2)","65","5 - 6"
"2528","2527.74","89","6","1587","13.5","Reservoir F6(M1-M2)","65","5 - 6"
"2529","2528.74","87","5","1588","34.6","Reservoir F6(M1-M2)","65","5 - 6"
"2530","2529.74","79","4","1579","13","Reservoir F6(M1-M2)","65","5 - 6"
"2531","2530.74","84","9","1583","14.4","Reservoir F6(M1-M2)","65","5 - 6"
"2532","2531.74","84","9","1610","11","Reservoir F6(M1-M2)","65","5 - 6"
"2533","2532.74","89","7","1607","6.1","Reservoir F6(M1-M2)","65","5 - 6"
"2534","2533.74","86","7","1606","13.8","Reservoir F6(M1-M2)","65","5 - 6"
"2535","2534.73","85","8","1604","12.6","Reservoir F6(M1-M2)","65","5 - 6"
"2536","2535.73","88","7","1602","8.1","Reservoir F6(M1-M2)","65","5 - 6"
"2537","2536.73","91","8","1606","6.9","Reservoir F6(M1-M2)","65","5 - 6"
"2538","2537.73","99","8","1601","7.2","Reservoir F6(M1-M2)","65","5 - 6"
"2539","2538.73","91","8","1596","5.9","Reservoir F6(M1-M2)","65","5 - 6"
"2540","2539.73","87","10","1595","7.9","Reservoir F6(M1-M2)","65","5 - 6"
"2541","2540.73","87","11","1593","14.1","Reservoir F6(M1-M2)","65","5 - 6"
"2542","2541.73","89","12","1591","9.8","Reservoir F6(M1-M2)","65","5 - 6"
"2543","2542.73","86","8","1591","29.8","Reservoir F6(M1-M2)","65","5 - 6"
"2544","2543.73","82","10","1591","21.9","Reservoir F6(M1-M2)","65","5 - 6"
"2545","2544.73","84","11","1590","8.5","Reservoir F6(M1-M2)","65","5 - 6"
"2546","2545.73","85","11","1591","8","Reservoir F6(M1-M2)","65","5 - 6"
"2547","2546.73","85","11","1589","8.2","Reservoir F6(M1-M2)","65","5 - 6"
"2548","2547.73","84","11","1592","6.7","Reservoir F6(M1-M2)","65","5 - 6"
"2549","2548.73","81","12","1604","17.9","Reservoir F6(M1-M2)","65","5 - 6"
"2550","2549.73","83","12","1603","13.8","Reservoir F6(M1-M2)","65","5 - 6"
"2551","2550.73","83","12","1601","10.9","Reservoir F6(M1-M2)","65","5 - 6"
"2552","2551.73","85","13","1600","8.3","Reservoir F6(M1-M2)","65","5 - 6"
"2553","2552.73","83","12","1600","14.5","Reservoir F6(M1-M2)","65","5 - 6"
"2554","2553.73","82","12","1598","14.1","Reservoir F6(M1-M2)","65","5 - 6"
"2555","2554.73","85","13","1599","8.9","Reservoir F6(M1-M2)","65","5 - 6"
"2556","2555.73","84","13","1600","9.2","Reservoir F6(M1-M2)","65","5 - 6"
"2557","2556.73","86","13","1601","6.8","Reservoir F6(M1-M2)","65","5 - 6"
"2558","2557.73","82","10","1598","12.3","Reservoir F6(M1-M2)","65","5 - 6"
"2559","2558.73","84","12","1597","14.9","Reservoir F6(M1-M2)","65","5 - 6"
"2560","2559.73","82","12","1597","15.6","Reservoir F6(M1-M2)","65","5 - 6"
"2561","2560.73","89","13","1598","4.2","Reservoir F6(M1-M2)","65","5 - 6"
"2562","2561.73","87","12","1600","6.2","Reservoir F6(M1-M2)","65","5 - 6"
"2563","2562.73","88","12","1600","6.2","Reservoir F6(M1-M2)","65","5 - 6"
"2564","2563.73","81","10","1599","26.8","Reservoir F6(M1-M2)","65","5 - 6"
"2565","2564.72","80","9","1598","30.9","Reservoir F6(M1-M2)","65","5 - 6"
"2566","2565.72","83","9","1598","30.5","Reservoir F6(M1-M2)","65","5 - 6"
"2567","2566.72","83","7","1598","20.9","Reservoir F6(M1-M2)","65","5 - 6"
"2568","2567.72","84","7","1597","60.4","Reservoir F6(M1-M2)","65","5 - 6"
"2569","2568.72","84","8","1595","25","Reservoir F6(M1-M2)","65","5 - 6"
"2570","2569.72","89","8","1595","23.7","Reservoir F6(M1-M2)","65","5 - 6"
"2571","2570.72","86","4","1596","25","Reservoir F6(M1-M2)","65","5 - 6"
"2572","2571.72","88","6","1597","48.8","Reservoir F6(M1-M2)","65","5 - 6"
"2573","2572.72","86","8","1596","62.5","Reservoir F6(M1-M2)","65","5 - 6"
"2574","2573.72","84","9","1595","53.7","Reservoir F6(M1-M2)","65","5 - 6"
"2575","2574.72","85","9","1594","33.2","Reservoir F6(M1-M2)","65","5 - 6"
"2576","2575.72","85","8","1594","6.7","Reservoir F6(M1-M2)","65","5 - 6"
"2577","2576.72","81","11","1592","22.4","Reservoir F6(M1-M2)","65","5 - 6"
"2578","2577.72","82","9","1592","35.1","Reservoir F6(M1-M2)","65","5 - 6"
"2579","2578.72","84","9","1588","24.4","Reservoir F6(M1-M2)","65","5 - 6"
"2580","2579.72","86","9","1579","20.6","Reservoir F6(M1-M2)","65","5 - 6"
"2581","2580.72","85","11","1580","12.9","Reservoir F6(M1-M2)","65","5 - 6"
"2582","2581.72","85","11","1577","10.5","Reservoir F6(M1-M2)","65","5 - 6"
"2583","2582.72","88","12","1579","10","Reservoir F6(M1-M2)","65","5 - 6"
"2584","2583.72","86","12","1590","12.4","Reservoir F6(M1-M2)","65","5 - 6"
"2585","2584.72","88","12","1590","9","Reservoir F6(M1-M2)","65","5 - 6"
"2586","2585.72","82","10","1601","9.7","Reservoir F6(M1-M2)","65","5 - 6"
"2587","2586.72","80","10","1607","15.3","Reservoir F6(M1-M2)","65","5 - 6"
"2588","2587.72","84","11","1594","10.7","Reservoir F6(M1-M2)","65","5 - 6"
"2589","2588.72","87","12","1592","7.2","Reservoir F6(M1-M2)","65","5 - 6"
"2590","2589.72","84","10","1591","14.3","Reservoir F6(M1-M2)","65","5 - 6"
"2591","2590.72","83","7","1588","37.6","Reservoir F6(M1-M2)","65","5 - 6"
"2592","2591.72","81","10","1588","18.6","Reservoir F6(M1-M2)","65","5 - 6"
"2593","2592.72","84","7","1590","39.2","Reservoir F6(M1-M2)","65","5 - 6"
"2594","2593.71","88","5","1586","52.1","Reservoir F6(M1-M2)","65","5 - 6"
"2595","2594.71","83","7","1588","18.5","Reservoir F6(M1-M2)","65","5 - 6"
"2596","2595.71","83","7","1593","60.4","Reservoir F6(M1-M2)","65","5 - 6"
"2597","2596.71","81","10","1594","44.1","Reservoir F6(M1-M2)","65","5 - 6"
"2598","2597.71","82","9","1599","31","Reservoir F6(M1-M2)","65","5 - 6"
"2599","2598.71","82","9","1603","26.4","Reservoir F6(M1-M2)","65","5 - 6"
"2600","2599.71","82","10","1597","17.5","Reservoir F6(M1-M2)","65","5 - 6"
"2601","2600.71","82","9","1590","32.1","Reservoir F6(M1-M2)","65","5 - 6"
"2602","2601.71","85","7","1587","47.8","Reservoir F6(M1-M2)","65","5 - 6"
"2603","2602.71","83","8","1589","29.2","Reservoir F6(M1-M2)","65","5 - 6"
"2604","2603.71","82","6","1586","21.5","Reservoir F6(M1-M2)","65","5 - 6"
"2605","2604.71","86","7","1587","28.1","Reservoir F6(M1-M2)","65","5 - 6"
"2606","2605.71","85","8","1591","24.4","Reservoir F6(M1-M2)","65","5 - 6"
"2607","2606.71","87","8","1592","25.4","Reservoir F6(M1-M2)","65","5 - 6"
"2608","2607.71","87","7","1593","35.4","Reservoir F6(M1-M2)","65","5 - 6"
"2609","2608.71","91","7","1586","30.5","Reservoir F6(M1-M2)","65","5 - 6"
"2610","2609.71","87","8","1589","24.7","Reservoir F6(M1-M2)","65","5 - 6"
"2611","2610.71","85","8","1596","31.7","Reservoir F6(M1-M2)","65","5 - 6"
"2612","2611.71","85","8","1596","31.7","Reservoir F6(M1-M2)","65","5 - 6"
"2613","2612.71","86","7","1598","17.2","Reservoir F6(M1-M2)","65","5 - 6"
"2614","2613.71","83","4","1605","20.9","Reservoir F6(M1-M2)","65","5 - 6"
"2615","2614.71","84","6","1601","34","Reservoir F6(M1-M2)","65","5 - 6"
"2616","2615.71","82","7","1603","45.4","Reservoir F6(M1-M2)","65","5 - 6"
"2617","2616.71","84","7","1602","31.4","Reservoir F6(M1-M2)","65","5 - 6"
"2618","2617.71","82","10","1602","51.7","Reservoir F6(M1-M2)","65","5 - 6"
"2619","2618.71","85","7","1602","29.5","Reservoir F6(M1-M2)","65","5 - 6"
"2620","2619.71","83","8","1603","35.9","Reservoir F6(M1-M2)","65","5 - 6"
"2621","2620.71","84","10","1606","7.5","Reservoir F6(M1-M2)","65","5 - 6"
"2622","2621.71","83","8","1608","21.6","Reservoir F6(M1-M2)","65","5 - 6"
"2623","2622.7","85","10","1605","3.9","Reservoir F6(M1-M2)","65","5 - 6"
"2624","2623.7","83","10","1600","7.1","Reservoir F6(M1-M2)","65","5 - 6"
"2625","2624.7","83","7","1602","33.6","Reservoir F6(M1-M2)","65","5 - 6"
"2626","2625.7","82","8","1603","35.1","Reservoir F6(M1-M2)","65","5 - 6"
"2627","2626.7","86","8","1600","27.8","Reservoir F6(M1-M2)","65","5 - 6"
"2628","2627.7","85","9","1598","20.6","Reservoir F6(M1-M2)","65","5 - 6"
"2629","2628.7","87","8","1600","23.8","Reservoir F6(M1-M2)","65","5 - 6"
"2630","2629.7","88","9","1600","30.1","Reservoir F6(M1-M2)","65","5 - 6"
"2631","2630.7","88","7","1602","23.4","Reservoir F6(M1-M2)","65","5 - 6"
"2632","2631.7","88","7","1602","29.1","Reservoir F6(M1-M2)","65","5 - 6"
"2633","2632.7","82","8","1603","11.5","Reservoir F6(M1-M2)","65","5 - 6"
"2634","2633.7","83","11","1595","17.5","Reservoir F6(M1-M2)","65","5 - 6"
"2635","2634.7","87","9","1590","51.8","Reservoir F6(M1-M2)","65","5 - 6"
"2636","2635.7","98","4","1634","17.3","Reservoir F6(M1-M2)","65","5 - 6"
"2637","2636.7","90","10","1698","18.7","Reservoir F6(M1-M2)","65","5 - 6"
"2638","2637.7","94","10","1704","8.2","Reservoir F6(M1-M2)","65","5 - 6"
"2639","2638.7","95","7","1707","19.8","Reservoir F6(M1-M2)","65","5 - 6"
"2640","2639.7","94","7","1706","30.2","Reservoir F6(M1-M2)","65","5 - 6"
"2641","2640.7","95","7","1705","12.7","Reservoir F6(M1-M2)","65","5 - 6"
"2642","2641.7","85","5","1703","8","Reservoir F6(M1-M2)","65","5 - 6"
"2643","2642.7","87","5","1699","9.3","Reservoir F6(M1-M2)","65","5 - 6"
"2644","2643.7","93","10","1700","8.9","Reservoir F6(M1-M2)","65","5 - 6"
"2645","2644.7","93","10","1699","8.8","Reservoir F6(M1-M2)","65","5 - 6"
"2646","2645.7","92","10","1696","14.1","Reservoir F6(M1-M2)","65","5 - 6"
"2647","2646.7","93","9","1700","7.6","Reservoir F6(M1-M2)","65","5 - 6"
"2648","2647.7","85","9","1697","7.4","Reservoir F6(M1-M2)","65","5 - 6"
"2649","2648.7","86","9","1696","9.7","Reservoir F6(M1-M2)","65","5 - 6"
"2650","2649.7","86","9","1694","9.7","Reservoir F6(M1-M2)","65","5 - 6"
"2651","2650.7","86","9","1692","10","Reservoir F6(M1-M2)","65","5 - 6"
"2652","2651.69","80","8","1720","6.1","Reservoir F6(M1-M2)","65","5 - 6"
"2653","2652.69","82","10","1726","9.1","Reservoir F6(M1-M2)","65","5 - 6"
"2654","2653.69","81","10","1723","12.8","Reservoir F6(M1-M2)","65","5 - 6"
"2655","2654.69","82","11","1722","9.6","Reservoir F6(M1-M2)","65","5 - 6"
"2656","2655.69","81","11","1720","8.5","Reservoir F6(M1-M2)","65","5 - 6"
"2657","2656.69","84","11","1717","8","Reservoir F6(M1-M2)","65","5 - 6"
"2658","2657.69","87","9","1715","4.6","Reservoir F6(M1-M2)","65","5 - 6"
"2659","2658.69","86","8","1724","5.5","Reservoir F6(M1-M2)","65","5 - 6"
"2660","2659.69","84","8","1723","8.6","Reservoir F6(M1-M2)","65","5 - 6"
"2661","2660.69","80","8","1720","6.1","Reservoir F6(M1-M2)","65","5 - 6"
"2662","2661.69","86","9","1704","5.8","Reservoir F6(M1-M2)","65","5 - 6"
"2663","2662.69","84","9","1707","8.1","Reservoir F6(M1-M2)","65","5 - 6"
"2664","2663.69","88","10","1706","6.7","Reservoir F6(M1-M2)","65","5 - 6"
"2665","2664.69","87","10","1705","9.3","Reservoir F6(M1-M2)","65","5 - 6"
"2666","2665.69","88","10","1708","4.7","Reservoir F6(M1-M2)","65","5 - 6"
"2667","2666.69","85","10","1706","9.1","Reservoir F6(M1-M2)","65","5 - 6"
"2668","2667.69","95","10","1708","7.4","Reservoir F6(M1-M2)","65","5 - 6"
"2669","2668.69","100","10","1709","7.2","Reservoir F6(M1-M2)","65","5 - 6"
"2670","2669.69","98","9","1709","11.4","Reservoir F6(M1-M2)","65","5 - 6"
"2671","2670.69","82","8","1699","6.4","Reservoir F6(M1-M2)","65","5 - 6"
"2672","2671.69","81","10","1697","8.4","Reservoir F6(M1-M2)","65","5 - 6"
"2673","2672.69","86","10","1695","9.5","Reservoir F6(M1-M2)","65","5 - 6"
"2674","2673.69","87","10","1696","6.8","Reservoir F6(M1-M2)","65","5 - 6"
"2675","2674.69","84","10","1696","11.1","Reservoir F6(M1-M2)","65","5 - 6"
"2676","2675.69","85","10","1694","10","Reservoir F6(M1-M2)","65","5 - 6"
"2677","2676.69","85","10","1693","10.2","Reservoir F6(M1-M2)","65","5 - 6"
"2678","2677.69","86","11","1693","9.4","Reservoir F6(M1-M2)","65","5 - 6"
"2679","2678.69","85","10","1688","10","Reservoir F6(M1-M2)","65","5 - 6"
"2680","2679.69","88","8","1699","5.7","Silurien Argileuse","25","2 - 3"
"2681","2680.68","90","10","1710","12","Silurien Argileuse","25","2 - 3"
"2682","2681.68","94","11","1709","9.2","Silurien Argileuse","25","2 - 3"
"2683","2682.68","93","11","1707","12.1","Silurien Argileuse","25","2 - 3"
"2684","2683.68","94","11","1707","12.5","Silurien Argileuse","25","2 - 3"
"2685","2684.68","96","10","1709","9.5","Silurien Argileuse","25","2 - 3"
"2686","2685.68","96","9","1708","8.5","Silurien Argileuse","25","2 - 3"
"2687","2686.68","95","9","1706","11.4","Silurien Argileuse","25","2 - 3"
"2688","2687.68","94","9","1704","12.2","Silurien Argileuse","25","2 - 3"
"2689","2688.68","91","7","1706","7.8","Silurien Argileuse","25","2 - 3"
"2690","2689.68","80","8","1710","9.2","Silurien Argileuse","25","2 - 3"
"2691","2690.68","85","9","1714","6.7","Silurien Argileuse","25","2 - 3"
"2692","2691.68","83","9","1720","9.4","Silurien Argileuse","25","2 - 3"
"2693","2692.68","83","10","1720","9.2","Silurien Argileuse","25","2 - 3"
"2694","2693.68","82","9","1719","10.8","Silurien Argileuse","25","2 - 3"
"2695","2694.68","84","9","1719","8.6","Silurien Argileuse","25","2 - 3"
"2696","2695.68","84","9","1720","9.8","Silurien Argileuse","25","2 - 3"
"2697","2696.68","84","9","1721","10","Silurien Argileuse","25","2 - 3"
"2698","2697.68","83","9","1721","10.1","Silurien Argileuse","25","2 - 3"
"2699","2698.68","73","7","1713","7.8","Silurien Argileuse","25","2 - 3"
"2700","2699.68","70","10","1710","9.8","Silurien Argileuse","25","2 - 3"
"2701","2700.68","71","10","1709","9.3","Silurien Argileuse","25","2 - 3"
"2702","2701.68","74","10","1710","9","Silurien Argileuse","25","2 - 3"
"2703","2702.68","81","10","1708","9.7","Silurien Argileuse","25","2 - 3"
"2704","2703.68","81","10","1710","9.3","Silurien Argileuse","25","2 - 3"
"2705","2704.68","85","9","1708","10.3","Silurien Argileuse","25","2 - 3"
"2706","2705.68","85","10","1707","12","Silurien Argileuse","25","2 - 3"
"2707","2706.68","84","9","1709","12.3","Silurien Argileuse","25","2 - 3"
"2708","2707.68","85","8","1708","8.9","Silurien Argileuse","25","2 - 3"
"2709","2708.68","82","10","1727","13.6","Silurien Argileuse","25","2 - 3"
"2710","2709.67","83","10","1728","12.8","Silurien Argileuse","25","2 - 3"
"2711","2710.67","83","10","1727","14.6","Silurien Argileuse","25","2 - 3"
"2712","2711.67","86","9","1712","9.5","Silurien Argileuse","25","2 - 3"
"2713","2712.67","85","10","1715","12.3","Silurien Argileuse","25","2 - 3"
"2714","2713.67","83","12","1715","13.7","Silurien Argileuse","25","2 - 3"
"2715","2714.67","86","12","1715","11.2","Silurien Argileuse","25","2 - 3"
"2716","2715.67","85","11","1714","10.5","Silurien Argileuse","25","2 - 3"
"2717","2716.67","86","11","1715","11","Silurien Argileuse","25","2 - 3"
"2718","2717.67","88","8","1712","6.9","Silurien Argileuse","25","2 - 3"
"2719","2718.67","87","10","1712","10","Silurien Argileuse","25","2 - 3"
"2720","2719.67","86","10","1714","11.5","Silurien Argileuse","25","2 - 3"
"2721","2720.67","85","10","1714","13.6","Silurien Argileuse","25","2 - 3"
"2722","2721.67","85","10","1713","11.2","Silurien Argileuse","25","2 - 3"
"2723","2722.67","85","10","1712","12.5","Silurien Argileuse","25","2 - 3"
"2724","2723.67","89","8","1711","8.9","Silurien Argileuse","25","2 - 3"
"2725","2724.67","87","9","1710","10.6","Silurien Argileuse","25","2 - 3"
"2726","2725.67","87","9","1710","8.8","Silurien Argileuse","25","2 - 3"
"2727","2726.67","89","9","1706","7.9","Silurien Argileuse","25","2 - 3"
"2728","2727.67","93","10","1698","11.3","Silurien Argileuse","25","2 - 3"
"2729","2728.67","94","9","1698","9.4","Silurien Argileuse","25","2 - 3"
"2730","2729.67","94","9","1700","9.4","Silurien Argileuse","25","2 - 3"
"2731","2730.67","92","8","1699","12.5","Silurien Argileuse","25","2 - 3"
"2732","2731.67","92","7","1697","12.6","Silurien Argileuse","25","2 - 3"
"2733","2732.67","91","8","1697","14.8","Silurien Argileuse","25","2 - 3"
"2734","2733.67","90","8","1695","13.7","Silurien Argileuse","25","2 - 3"
"2735","2734.67","91","8","1694","15.3","Silurien Argileuse","25","2 - 3"
"2736","2735.67","89","7","1694","6","Silurien Argileuse","25","2 - 3"
"2737","2736.67","110","6","1694","23.4","Silurien Argileuse","25","2 - 3"
"2738","2737.67","107","9","1693","14.1","Silurien Argileuse","25","2 - 3"
"2739","2738.66","106","9","1691","14.2","Silurien Argileuse","25","2 - 3"
"2740","2739.66","109","8","1688","13.6","Silurien Argileuse","25","2 - 3"
"2741","2740.66","107","9","1686","14.7","Silurien Argileuse","25","2 - 3"
"2742","2741.66","106","9","1687","18","Silurien Argileuse","25","2 - 3"
"2743","2742.66","107","9","1687","16.6","Silurien Argileuse","25","2 - 3"
"2744","2743.66","106","9","1686","17.2","Silurien Argileuse","25","2 - 3"
"2745","2744.66","105","9","1691","18.7","Silurien Argileuse","25","2 - 3"
"2746","2745.66","102","6","1699","11.8","Silurien Argileuse","25","2 - 3"
"2747","2746.66","102","8","1705","15.1","Silurien Argileuse","25","2 - 3"
"2748","2747.66","101","9","1706","14.9","Silurien Argileuse","25","2 - 3"
"2749","2748.66","101","8","1702","15.2","Silurien Argileuse","25","2 - 3"
"2750","2749.66","102","9","1706","14.4","Silurien Argileuse","25","2 - 3"
"2751","2750.66","104","8","1705","14.6","Silurien Argileuse","25","2 - 3"
"2752","2751.66","97","9","1702","19","Silurien Argileuse","25","2 - 3"
"2753","2752.66","96","10","1697","18.3","Silurien Argileuse","25","2 - 3"
"2754","2753.66","98","8","1695","15.9","Silurien Argileuse","25","2 - 3"
"2755","2754.66","97","9","1696","17.7","Silurien Argileuse","25","2 - 3"
"2756","2755.66","88","7","1699","12.6","Silurien Argileuse","25","2 - 3"
"2757","2756.66","88","9","1701","16.9","Silurien Argileuse","25","2 - 3"
"2758","2757.66","88","10","1701","18.2","Silurien Argileuse","25","2 - 3"
"2759","2758.66","89","8","1699","14.3","Silurien Argileuse","25","2 - 3"
"2760","2759.66","88","9","1700","18.5","Silurien Argileuse","25","2 - 3"
"2761","2760.66","89","9","1698","17.8","Silurien Argileuse","25","2 - 3"
"2762","2761.66","89","9","1697","18.1","Silurien Argileuse","25","2 - 3"
"2763","2762.66","89","9","1698","18.2","Silurien Argileuse","25","2 - 3"
"2764","2763.66","89","9","1697","15.2","Silurien Argileuse","25","2 - 3"
"2765","2764.66","83","8","1704","12","Silurien Argileuse","25","2 - 3"
"2766","2765.66","83","10","1709","16.2","Silurien Argileuse","25","2 - 3"
"2767","2766.66","82","10","1710","16.4","Silurien Argileuse","25","2 - 3"
"2768","2767.65","82","9","1710","16.5","Silurien Argileuse","25","2 - 3"
"2769","2768.65","82","10","1710","19","Silurien Argileuse","25","2 - 3"
"2770","2769.65","84","10","1709","15.5","Silurien Argileuse","25","2 - 3"
"2771","2770.65","83","9","1706","14.6","Silurien Argileuse","25","2 - 3"
"2772","2771.65","85","9","1704","15.8","Silurien Argileuse","25","2 - 3"
"2773","2772.65","83","10","1703","13.8","Silurien Argileuse","25","2 - 3"
"2774","2773.65","82","10","1702","12.6","Silurien Argileuse","25","2 - 3"
"2775","2774.65","87","11","1706","22","Silurien Argileuse","25","2 - 3"
"2776","2775.65","90","10","1707","15","Silurien Argileuse","25","2 - 3"
"2777","2776.65","88","10","1708","16.7","Silurien Argileuse","25","2 - 3"
"2778","2777.65","88","10","1707","17","Silurien Argileuse","25","2 - 3"
"2779","2778.65","88","10","1708","19.1","Silurien Argileuse","25","2 - 3"
"2780","2779.65","89","9","1709","16.9","Silurien Argileuse","25","2 - 3"
"2781","2780.65","88","10","1709","16.3","Silurien Argileuse","25","2 - 3"
"2782","2781.65","89","9","1708","16.1","Silurien Argileuse","25","2 - 3"
"2783","2782.65","88","10","1707","21.1","Silurien Argileuse","25","2 - 3"
"2784","2783.65","85","9","1701","14.4","Silurien Argileuse","25","2 - 3"
"2785","2784.65","88","11","1701","19.8","Silurien Argileuse","25","2 - 3"
"2786","2785.65","88","10","1698","17.4","Silurien Argileuse","25","2 - 3"
"2787","2786.65","88","10","1700","18.1","Silurien Argileuse","25","2 - 3"
"2788","2787.65","88","10","1702","18.9","Silurien Argileuse","25","2 - 3"
"2789","2788.65","90","9","1699","18.4","Silurien Argileuse","25","2 - 3"
"2790","2789.65","90","9","1700","15.8","Silurien Argileuse","25","2 - 3"
"2791","2790.65","90","9","1700","16.3","Silurien Argileuse","25","2 - 3"
"2792","2791.65","89","9","1698","16.5","Silurien Argileuse","25","2 - 3"
"2793","2792.65","89","10","1698","17.5","Silurien Argileuse","25","2 - 3"
"2794","2793.65","86","6","1704","7.5","Silurien Argileuse","25","2 - 3"
"2795","2794.65","87","10","1705","17.2","Silurien Argileuse","25","2 - 3"
"2796","2795.65","89","11","1703","17.2","Silurien Argileuse","25","2 - 3"
"2797","2796.64","80","10","1703","11.3","Silurien Argileuse","25","2 - 3"
"2798","2797.64","83","6","1709","14.2","Silurien Argileuse","25","2 - 3"
"2799","2798.64","80","9","1709","14.2","Silurien Argileuse","25","2 - 3"
"2800","2799.64","82","9","1707","12.4","Silurien Argileuse","25","2 - 3"
"2801","2800.64","89","6","1704","12.5","Silurien Argileuse","25","2 - 3"
"2802","2801.64","93","8","1706","16.4","Silurien Argileuse","25","2 - 3"
"2803","2802.64","90","6","1703","8.6","Silurien Argileuse","25","2 - 3"
"2804","2803.64","81","9","1701","13.8","Silurien Argileuse","25","2 - 3"
"2805","2804.64","82","8","1701","15.2","Silurien Argileuse","25","2 - 3"
"2806","2805.64","82","9","1701","16.2","Silurien Argileuse","25","2 - 3"
"2807","2806.64","81","9","1701","16.3","Silurien Argileuse","25","2 - 3"
"2808","2807.64","82","9","1702","14.2","Silurien Argileuse","25","2 - 3"
"2809","2808.64","82","9","1705","17","Silurien Argileuse","25","2 - 3"
"2810","2809.64","83","8","1702","15.6","Silurien Argileuse","25","2 - 3"
"2811","2810.64","81","9","1699","16","Silurien Argileuse","25","2 - 3"
"2812","2811.64","76","5","1713","10.8","Silurien Argileuse","25","2 - 3"
"2813","2812.64","71","8","1700","14.9","Silurien Argileuse","25","2 - 3"
"2814","2813.64","71","9","1693","14.4","Silurien Argileuse","25","2 - 3"
"2815","2814.64","72","9","1694","13.8","Silurien Argileuse","25","2 - 3"
"2816","2815.64","72","9","1697","14.6","Silurien Argileuse","25","2 - 3"
"2817","2816.64","72","9","1697","14.9","Silurien Argileuse","25","2 - 3"
"2818","2817.64","71","9","1697","14.4","Silurien Argileuse","25","2 - 3"
"2819","2818.64","73","9","1696","15.1","Silurien Argileuse","25","2 - 3"
"2820","2819.64","73","9","1696","14.1","Silurien Argileuse","25","2 - 3"
"2821","2820.64","73","10","1695","13.7","Silurien Argileuse","25","2 - 3"
"2822","2821.64","70","7","1696","10.3","Silurien Argileuse","25","2 - 3"
"2823","2822.64","81","8","1692","14.7","Silurien Argileuse","25","2 - 3"
"2824","2823.64","87","8","1690","16.4","Silurien Argileuse","25","2 - 3"
"2825","2824.64","86","9","1692","15.1","Silurien Argileuse","25","2 - 3"
"2826","2825.63","86","8","1692","15.4","Silurien Argileuse","25","2 - 3"
"2827","2826.63","86","8","1692","15.3","Silurien Argileuse","25","2 - 3"
"2828","2827.63","86","8","1692","15","Silurien Argileuse","25","2 - 3"
"2829","2828.63","86","9","1691","15.4","Silurien Argileuse","25","2 - 3"
"2830","2829.63","87","8","1691","14.9","Silurien Argileuse","25","2 - 3"
"2831","2830.63","88","8","1689","15","Silurien Argileuse","25","2 - 3"
"2832","2831.63","85","8","1693","13.9","Silurien Argileuse","25","2 - 3"
"2833","2832.63","86","10","1702","15.7","Silurien Argileuse","25","2 - 3"
"2834","2833.63","86","9","1696","15.2","Silurien Argileuse","25","2 - 3"
"2835","2834.63","86","9","1699","15.2","Silurien Argileuse","25","2 - 3"
"2836","2835.63","86","8","1701","14.8","Silurien Argileuse","25","2 - 3"
"2837","2836.63","85","9","1703","14.8","Silurien Argileuse","25","2 - 3"
"2838","2837.63","85","9","1703","15.1","Silurien Argileuse","25","2 - 3"
"2839","2838.63","85","9","1702","12.9","Silurien Argileuse","25","2 - 3"
"2840","2839.63","85","8","1702","13.6","Silurien Argileuse","25","2 - 3"
"2841","2840.63","41","3","877","1.9","Silurien Argileuse","25","2 - 3"
"2842","2841.64","42","3","874","1.7","Silurien Argileuse","25","2 - 3"
"2843","2842.63","55","3","874","1.8","Silurien Argileuse","25","2 - 3"
"2844","2843.63","60","3","874","2.3","Silurien Argileuse","25","2 - 3"
"2845","2844.63","65","3","873","2","Silurien Argileuse","25","2 - 3"
"2846","2845.63","67","3","877","1.9","Silurien Argileuse","25","2 - 3"
"2847","2846.63","69","3","873","2.4","Silurien Argileuse","25","2 - 3"
"2848","2847.64","73","3","881","2.2","Silurien Argileuse","25","2 - 3"
"2849","2848.64","70","3","883","2.2","Silurien Argileuse","25","2 - 3"
"2850","2849.63","71","4","883","1.9","Silurien Argileuse","25","2 - 3"
"2851","2850.63","71","4","877","2.1","Silurien Argileuse","25","2 - 3"
"2852","2851.62","72","4","858","1.7","Silurien Argileuse","25","2 - 3"
"2853","2852.63","72","4","872","1.7","Silurien Argileuse","25","2 - 3"
"2854","2853.63","72","4","865","1.4","Silurien Argileuse","25","2 - 3"
"2855","2854.63","72","4","866","1.5","Silurien Argileuse","25","2 - 3"
"2856","2855.63","74","4","852","1.3","Silurien Argileuse","25","2 - 3"
"2857","2856.62","73","4","832","1.3","Silurien Argileuse","25","2 - 3"
"2858","2857.62","71","4","847","1.3","Silurien Argileuse","25","2 - 3"
"2859","2858.63","71","4","863","0.9","Silurien Argileuse","25","2 - 3"
"2860","2859.62","97","5","862","1.3","Silurien Argileuse","25","2 - 3"
"2861","2860.62","110","6","875","1.3","Silurien Argileuse","25","2 - 3"
"2862","2861.62","143","6","900","0.9","Silurien Argileuse","25","2 - 3"
"2863","2862.63","154","5","895","1.2","Silurien Argileuse","25","2 - 3"
"2864","2863.62","156","6","892","1.5","Silurien Argileuse","25","2 - 3"
"2865","2864.62","157","6","892","1.5","Silurien Argileuse","25","2 - 3"
"2866","2865.62","159","6","891","1.3","Silurien Argileuse","25","2 - 3"
"2867","2866.63","160","6","893","1.3","Silurien Argileuse","25","2 - 3"
"2868","2867.61","156","6","907","1","Silurien Argileuse","25","2 - 3"
"2869","2868.61","168","6","910","1.2","Silurien Argileuse","25","2 - 3"
"2870","2869.62","174","6","901","1.4","Silurien Argileuse","25","2 - 3"
"2871","2870.63","173","6","888","1.4","Silurien Argileuse","25","2 - 3"
"2872","2871.61","168","6","892","1.3","Silurien Argileuse","25","2 - 3"
"2873","2872.62","165","6","882","1.5","Silurien Argileuse","25","2 - 3"
"2874","2873.61","170","6","884","1.3","Ordovicien-IV-3","88","6 - 7"
"2875","2874.61","170","6","889","1.4","Ordovicien-IV-3","88","6 - 7"
"2876","2875.61","165","6","886","1.6","Ordovicien-IV-3","88","6 - 7"
"2877","2876.62","166","5","901","1.8","Ordovicien-IV-3","88","6 - 7"
"2878","2877.61","165","5","896","1.5","Ordovicien-IV-3","88","6 - 7"
"2879","2878.63","168","5","886","1.8","Ordovicien-IV-3","88","6 - 7"
"2880","2879.61","169","5","886","1.6","Ordovicien-IV-3","88","6 - 7"
"2881","2880.62","167","5","887","1.8","Ordovicien-IV-3","88","6 - 7"
"2882","2881.61","160","6","885","1.6","Ordovicien-IV-3","88","6 - 7"
"2883","2882.61","160","6","887","1.8","Ordovicien-IV-3","88","6 - 7"
"2884","2883.61","163","6","894","2","Ordovicien-IV-3","88","6 - 7"
"2885","2884.61","163","5","896","2","Ordovicien-IV-3","88","6 - 7"
"2886","2885.6","163","4","887","2.9","Ordovicien-IV-3","88","6 - 7"
"2887","2886.61","159","6","894","2.1","Ordovicien-IV-3","88","6 - 7"
"2888","2887.61","166","5","894","1.7","Ordovicien-IV-3","88","6 - 7"
"2889","2888.6","165","5","894","1.9","Ordovicien-IV-3","88","6 - 7"
"2890","2889.6","164","5","893","2","Ordovicien-IV-3","88","6 - 7"
"2891","2890.61","165","5","897","2.1","Ordovicien-IV-3","88","6 - 7"
"2892","2891.6","163","6","899","2.1","Ordovicien-IV-3","88","6 - 7"
"2893","2892.6","162","6","892","2.1","Ordovicien-IV-3","88","6 - 7"
"2894","2893.61","165","6","886","2.3","Ordovicien-IV-3","88","6 - 7"
"2895","2894.6","169","6","882","2.4","Ordovicien-IV-3","88","6 - 7"
"2896","2895.61","157","6","871","2.3","Ordovicien-IV-3","88","6 - 7"
"2897","2896.62","160","6","861","1.9","Ordovicien-IV-3","88","6 - 7"
"2898","2897.61","169","6","861","2.2","Ordovicien-IV-3","88","6 - 7"
"2899","2898.6","166","6","861","2.1","Ordovicien-IV-3","88","6 - 7"
"2900","2899.6","163","6","860","2","Ordovicien-IV-3","88","6 - 7"
"2901","2900.6","157","6","857","2.2","Ordovicien-IV-3","88","6 - 7"
"2902","2901.6","157","6","857","2.4","Ordovicien-IV-3","88","6 - 7"
"2903","2902.59","157","6","858","2.2","Ordovicien-IV-2","90","6,5 - 7"
"2904","2903.6","158","5","857","2.3","Ordovicien-IV-2","90","6,5 - 7"
"2905","2904.59","155","5","868","2.5","Ordovicien-IV-2","90","6,5 - 7"
"2906","2905.6","159","6","899","2.1","Ordovicien-IV-2","90","6,5 - 7"
"2907","2906.59","167","6","887","2.3","Ordovicien-IV-2","90","6,5 - 7"
"2908","2907.59","168","6","887","2.2","Ordovicien-IV-2","90","6,5 - 7"
"2909","2908.59","168","6","878","2.4","Ordovicien-IV-2","90","6,5 - 7"
"2910","2909.59","168","6","872","2.3","Ordovicien-IV-2","90","6,5 - 7"
"2911","2910.59","168","6","871","2.3","Ordovicien-IV-2","90","6,5 - 7"
"2912","2911.59","172","6","869","2.5","Ordovicien-IV-2","90","6,5 - 7"
"2913","2912.59","174","6","870","2.6","Ordovicien-IV-2","90","6,5 - 7"
"2914","2913.59","171","6","871","2.3","Ordovicien-IV-2","90","6,5 - 7"
"2915","2914.6","163","5","878","2.1","Ordovicien-IV-2","90","6,5 - 7"
"2916","2915.6","170","6","873","2.1","Ordovicien-IV-2","90","6,5 - 7"
"2917","2916.61","170","5","904","1.9","Ordovicien-IV-2","90","6,5 - 7"
"2918","2917.6","177","5","894","3.3","Ordovicien-IV-2","90","6,5 - 7"
"2919","2918.58","182","6","893","1.9","Ordovicien-IV-2","90","6,5 - 7"
"2920","2919.59","183","6","895","1.4","Ordovicien-IV-2","90","6,5 - 7"
"2921","2920.58","184","6","876","1.5","Ordovicien-IV-2","90","6,5 - 7"
"2922","2921.58","185","6","860","1.3","Ordovicien-IV-2","90","6,5 - 7"
"2923","2922.59","185","5","848","1.5","Ordovicien-IV-2","90","6,5 - 7"
"2924","2923.58","178","4","863","1.9","Ordovicien-IV-2","90","6,5 - 7"
"2925","2924.58","173","4","872","2","Ordovicien-IV-2","90","6,5 - 7"
"2926","2925.58","173","5","863","1.4","Ordovicien-IV-2","90","6,5 - 7"
"2927","2926.58","173","6","863","1.5","Ordovicien-IV-2","90","6,5 - 7"
"2928","2927.58","173","6","865","1.6","Ordovicien-IV-2","90","6,5 - 7"
"2929","2928.58","173","6","866","1.7","Ordovicien-IV-2","90","6,5 - 7"
"2930","2929.59","172","6","869","1.7","Ordovicien-IV-2","90","6,5 - 7"
"2931","2930.58","170","6","868","1.9","Ordovicien-IV-2","90","6,5 - 7"
"2932","2931.58","167","6","871","1.6","Ordovicien-IV-2","90","6,5 - 7"
"2933","2932.59","171","6","868","2.1","Ordovicien-IV-2","90","6,5 - 7"
"2934","2933.61","167","6","868","2.9","Ordovicien-IV-2","90","6,5 - 7"
"2935","2934.57","164","6","867","1.5","Ordovicien-IV-2","90","6,5 - 7"
"2936","2935.58","161","6","863","1.5","Ordovicien-IV-2","90","6,5 - 7"
"2937","2936.59","159","6","862","1.7","Ordovicien-IV-2","90","6,5 - 7"
"2938","2937.57","158","6","859","1.5","Ordovicien-IV-2","90","6,5 - 7"
"2939","2938.57","161","6","859","1.7","Ordovicien-IV-2","90","6,5 - 7"
"2940","2939.57","168","6","858","1.7","Ordovicien-IV-2","90","6,5 - 7"
"2941","2940.57","161","6","859","1.6","Ordovicien-IV-2","90","6,5 - 7"
"2942","2941.57","167","6","862","1.5","Ordovicien-IV-2","90","6,5 - 7"
"2943","2942.58","168","6","880","1.7","Ordovicien-IV-2","90","6,5 - 7"
"2944","2943.57","164","6","881","1.6","Ordovicien-IV-2","90","6,5 - 7"
"2945","2944.58","166","7","870","1.7","Ordovicien-IV-2","90","6,5 - 7"
"2946","2945.58","164","7","870","1.9","Ordovicien-IV-2","90","6,5 - 7"
"2947","2946.57","169","7","872","2.1","Ordovicien-IV-2","90","6,5 - 7"
"2948","2947.57","172","7","876","2.1","Ordovicien-IV-2","90","6,5 - 7"
"2949","2948.57","177","6","874","1.9","Ordovicien-IV-2","90","6,5 - 7"
"2950","2949.57","172","7","874","2.2","Ordovicien-IV-2","90","6,5 - 7"
"2951","2950.57","173","7","872","2","Ordovicien-IV-2","90","6,5 - 7"
"2952","2951.57","175","6","868","1.6","Ordovicien-IV-2","90","6,5 - 7"
"2953","2952.58","167","7","853","1.9","Ordovicien-IV-2","90","6,5 - 7"
"2954","2953.59","154","7","852","1.9","Ordovicien-IV-2","90","6,5 - 7"
"2955","2954.57","152","7","851","2.1","Ordovicien-IV-2","90","6,5 - 7"
"2956","2955.56","157","6","853","2.1","Ordovicien-IV-2","90","6,5 - 7"
"2957","2956.6","163","6","847","2","Ordovicien-IV-2","90","6,5 - 7"
"2958","2957.61","156","7","854","1.8","Ordovicien-IV-2","90","6,5 - 7"
"2959","2958.59","155","6","854","2.2","Ordovicien-IV-2","90","6,5 - 7"
"2960","2959.6","154","6","855","2","Ordovicien-IV-2","90","6,5 - 7"
"2961","2960.56","152","6","854","2.7","Ordovicien-IV-2","90","6,5 - 7"
"2962","2961.59","154","6","850","2.3","Ordovicien-IV-2","90","6,5 - 7"
"2963","2962.58","156","5","847","2.3","Ordovicien-IV-2","90","6,5 - 7"
"2964","2963.56","154","6","850","1.9","Ordovicien-IV-2","90","6,5 - 7"
"2965","2964.56","171","6","854","1.7","Ordovicien-III-3","92","7"
"2966","2965.58","173","6","854","1.7","Ordovicien-III-3","92","7"
"2967","2966.57","168","6","854","1.6","Ordovicien-III-3","92","7"
"2968","2967.56","168","6","856","1.7","Ordovicien-III-3","92","7"
"2969","2968.56","171","6","854","1.6","Ordovicien-III-3","92","7"
"2970","2969.58","167","6","855","1.9","Ordovicien-III-3","92","7"
"2971","2970.56","164","5","861","2.3","Ordovicien-III-3","92","7"
"2972","2971.65","172","6","859","2.4","Ordovicien-III-3","92","7"
"2973","2972.6","170","6","857","2.4","Ordovicien-III-3","92","7"
"2974","2973.56","170","6","856","2.6","Ordovicien-III-3","92","7"
"2975","2974.55","155","5","855","2.7","Ordovicien-III-3","92","7"
"2976","2975.57","168","5","858","2.5","Ordovicien-III-3","92","7"
"2977","2976.57","166","6","856","2.8","Ordovicien-III-3","92","7"
"2978","2977.55","167","6","856","2.7","Ordovicien-III-3","92","7"
"2979","2978.59","168","5","856","2.6","Ordovicien-III-3","92","7"
"2980","2979.56","160","5","855","2.8","Ordovicien-III-3","92","7"
"2981","2980.56","156","5","854","2.9","Ordovicien-III-3","92","7"
"2982","2981.55","157","6","853","2.5","Ordovicien-III-3","92","7"
"2983","2982.54","158","6","849","2.4","Ordovicien-III-3","92","7"
"2984","2983.58","158","6","850","2.5","Ordovicien-III-3","92","7"
"2985","2984.58","160","5","850","2.6","Ordovicien-III-3","92","7"
"2986","2985.58","164","6","851","2.1","Ordovicien-III-3","92","7"
"2987","2986.61","168","6","849","1.6","Ordovicien-III-3","92","7"
"2988","2987.58","180","7","843","2.1","Ordovicien-III-3","92","7"
"2989","2988.54","177","7","847","1.7","Ordovicien-III-3","92","7"
"2990","2989.54","170","7","873","1.7","Ordovicien-III-3","92","7"
"2991","2990.54","167","7","855","3.1","Ordovicien-III-3","92","7"
"2992","2991.56","172","7","831","2.3","Ordovicien-III-3","92","7"
"2993","2992.55","181","7","833","1.5","Ordovicien-III-3","92","7"
"2994","2993.59","182","7","838","1.8","Ordovicien-III-3","92","7"
"2995","2994.55","182","7","839","1.7","Ordovicien-III-3","92","7"
"2996","2995.59","180","7","839","1.8","Ordovicien-III-3","92","7"
"2997","2996.56","178","7","839","2.2","Ordovicien-III-3","92","7"
"2998","2997.57","178","7","845","2.2","Ordovicien-III-3","92","7"
"2999","2998.54","168","6","851","2.1","Ordovicien-III-3","92","7"
"3000","2999.54","173","7","856","2.2","Ordovicien-III-3","92","7"
"3001","3000.54","181","7","855","1.8","Ordovicien-III-3","92","7"
"3002","3001.54","186","7","850","1.7","Ordovicien-III-3","92","7"
"3003","3002.53","188","7","847","2","Ordovicien-III-3","92","7"
"3004","3003.53","190","7","846","1.3","Ordovicien-III-3","92","7"
"3005","3004.54","189","7","847","1.4","Ordovicien-III-3","92","7"
"3006","3005.54","185","7","847","3","Ordovicien-III-3","92","7"
"3007","3006.57","182","7","844","2.3","Ordovicien-III-3","92","7"
"3008","3007.54","178","7","849","2.1","Ordovicien-III-3","92","7"
"3009","3008.53","176","6","853","1.9","Ordovicien-III-3","92","7"
"3010","3009.53","179","7","852","2","Ordovicien-III-3","92","7"
"3011","3010.53","181","7","853","2.2","Ordovicien-III-3","92","7"
"3012","3011.53","189","7","848","2.5","Ordovicien-III-3","92","7"
"3013","3012.53","189","7","849","2.9","Ordovicien-III-3","92","7"
"3014","3013.52","190","7","846","2.5","Ordovicien-III-3","92","7"
"3015","3014.57","191","7","852","2.6","Ordovicien-III-3","92","7"
"3016","3015.53","189","7","838","1.5","Ordovicien-III-3","92","7"
"3017","3016.52","190","7","838","2.3","Ordovicien-III-3","92","7"
"3018","3017.53","186","7","839","2.7","Ordovicien-III-3","92","7"
"3019","3018.53","183","7","839","2.5","Ordovicien-III-3","92","7"
"3020","3019.54","181","7","838","2.2","Ordovicien-III-3","92","7"
"3021","3020.53","165","7","827","3","Ordovicien-III-3","92","7"
"3022","3021.53","174","6","838","2.6","Ordovicien-III-3","92","7"
"3023","3022.54","176","7","838","2.7","Ordovicien-III-3","92","7"
"3024","3023.53","183","7","837","2.4","Ordovicien-III-3","92","7"
"3025","3024.53","175","7","836","2.3","Ordovicien-III-3","92","7"
"3026","3025.52","174","7","833","2.4","Ordovicien-III-3","92","7"
"3027","3026.52","148","5","841","3","Ordovicien-III-3","92","7"
"3028","3027.55","177","6","851","2.1","Ordovicien-III-3","92","7"
"3029","3028.54","178","6","844","2.7","Ordovicien-III-3","92","7"
"3030","3029.53","180","7","847","3","Ordovicien-III-3","92","7"
"3031","3030.53","182","7","848","3.8","Ordovicien-III-3","92","7"
"3032","3031.6","179","7","848","2.6","Ordovicien-III-3","92","7"
"3033","3032.53","181","7","847","3.2","Ordovicien-III-3","92","7"
"3034","3033.51","178","7","843","2.2","Ordovicien-III-3","92","7"
"3035","3034.52","172","7","840","2.1","Ordovicien-III-3","92","7"
"3036","3035.52","171","7","819","2.1","Ordovicien-III-3","92","7"
"3037","3036.52","168","7","899","2.2","Ordovicien-III-3","92","7"
"3038","3037.52","173","7","896","2.2","Ordovicien-III-3","92","7"
"3039","3038.53","170","7","896","2.5","Ordovicien-III-3","92","7"
"3040","3039.53","169","7","897","2.6","Ordovicien-III-3","92","7"
"3041","3040.51","169","7","898","2.4","Ordovicien-III-3","92","7"
"3042","3041.52","168","7","900","2.6","Ordovicien-III-3","92","7"
"3043","3042.56","168","7","898","2.5","Ordovicien-III-3","92","7"
"3044","3043.57","168","7","898","2.4","Ordovicien-III-3","92","7"
"3045","3044.52","171","7","892","2.8","Ordovicien-III-3","92","7"
"3046","3045.54","175","7","891","2","Ordovicien-III-3","92","7"
"3047","3046.52","172","6","887","2.1","Ordovicien-III-3","92","7"
"3048","3047.51","170","7","884","2.4","Ordovicien-III-3","92","7"
"3049","3048.52","167","7","891","2.4","Ordovicien-III-3","92","7"
"3050","3049.51","173","7","893","2.7","Ordovicien-III-3","92","7"
"3051","3050.5","179","7","893","2.2","Ordovicien-III-3","92","7"
"3052","3051.5","179","7","894","2.7","Ordovicien-III-3","92","7"
"3053","3052.5","177","7","894","2.5","Ordovicien-III-3","92","7"
"3054","3053.53","179","7","897","2.4","Ordovicien-III-3","92","7"
"3055","3054.55","168","6","896","2.2","Ordovicien-III-3","92","7"
"3056","3055.54","180","7","888","2.5","Ordovicien-III-3","92","7"
"3057","3056.52","179","7","906","2.3","Ordovicien-III-3","92","7"
"3058","3057.52","177","6","911","2.4","Ordovicien-III-3","92","7"
"3059","3058.51","174","7","913","2.2","Ordovicien-III-3","92","7"
"3060","3059.51","172","7","914","2.4","Ordovicien-III-3","92","7"
"3061","3060.5","175","6","907","2.7","Ordovicien-III-3","92","7"
"3062","3061.5","184","7","903","3.6","Ordovicien-III-3","92","7"
"3063","3062.5","184","7","903","3.5","Ordovicien-III-3","92","7"
"3064","3063.52","176","6","903","2.8","Ordovicien-III-3","92","7"
"3065","3064.5","121","2","894","3.4","Ordovicien-III-3","92","7"
"3066","3065.52","178","7","891","2.5","Ordovicien-III-3","92","7"
"3067","3066.51","175","7","890","2.3","Ordovicien-III-3","92","7"
"3068","3067.53","173","7","886","2.6","Ordovicien-III-3","92","7"
"3069","3068.5","173","7","880","2.4","Ordovicien-III-3","92","7"
"3070","3069.52","169","7","868","2.6","Ordovicien-III-3","92","7"
"3071","3070.49","172","7","870","2.2","Ordovicien-III-3","92","7"
"3072","3071.49","182","7","866","2.6","Ordovicien-III-3","92","7"
"3073","3072.49","184","7","865","2.6","Ordovicien-III-3","92","7"
"3074","3073.49","183","7","864","2.8","Ordovicien-III-3","92","7"
"3075","3074.51","174","6","888","2.2","Ordovicien-III-3","92","7"
"3076","3075.54","170","7","894","2.6","Ordovicien-III-3","92","7"
"3077","3076.51","174","7","888","2.4","Ordovicien-III-3","92","7"
"3078","3077.49","173","7","889","2.4","Ordovicien-III-3","92","7"
"3079","3078.51","172","7","890","2.4","Ordovicien-III-3","92","7"
"3080","3079.51","185","7","889","1.6","Socle","95","7 - 8"
"3081","3080.48","187","6","888","1.4","Socle","95","7 - 8"
"3082","3081.51","187","6","883","1.2","Socle","95","7 - 8"
"3083","3082.55","188","7","887","1.1","Socle","95","7 - 8"
"3084","3083.49","182","7","892","1.3","Socle","95","7 - 8"
"3085","3084.49","180","7","901","1.2","Socle","95","7 - 8"
"3086","3085.53","184","7","895","1.1","Socle","95","7 - 8"
"3087","3086.53","189","7","893","1.2","Socle","95","7 - 8"
"3088","3087.5","189","8","893","1","Socle","95","7 - 8"
"3089","3088.48","189","7","892","0.9","Socle","95","7 - 8"
"3090","3089.48","189","7","892","0.8","Socle","95","7 - 8"
"3091","3090.48","181","7","892","0.8","Socle","95","7 - 8"
"3092","3091.48","183","7","900","0.8","Socle","95","7 - 8"
"3093","3092.51","180","7","898","0.7","Socle","95","7 - 8"
"3094","3093.48","184","7","901","0.7","Socle","95","7 - 8"
"3095","3094.49","191","7","900","0.7","Socle","95","7 - 8"
"3096","3095.5","192","7","900","0.6","Socle","95","7 - 8"
"3097","3096.49","190","7","900","0.6","Socle","95","7 - 8"
"3098","3097.48","184","7","900","0.6","Socle","95","7 - 8"
"3099","3098.49","188","7","899","0.5","Socle","95","7 - 8"
"3100","3099.48","191","7","899","0.5","Socle","95","7 - 8"
